title,label1,label2,label3,label4,label5,label6
软件工程,course,北京大学,王立福，孙艳春，刘学,,,
软件工程,course,国防科技大学,齐治昌,,,
软件工程,course,浙江大学,陈越,,,
软件及软件工程的相关概念(1),knowledge,第1章,第1节,软件工程,北京大学,王立福，孙艳春，刘学
第一讲主要内容概述,knowledge,第1章,第1节,软件工程,北京大学,王立福，孙艳春，刘学
软件的概念,knowledge,第1章,第1节,软件工程,北京大学,王立福，孙艳春，刘学
软件的分类,knowledge,第1章,第1节,软件工程,北京大学,王立福，孙艳春，刘学
软件研究的三个层次,knowledge,第1章,第1节,软件工程,北京大学,王立福，孙艳春，刘学
软件发展的阶段,knowledge,第1章,第1节,软件工程,北京大学,王立福，孙艳春，刘学
软件技术发展的驱动力,knowledge,第1章,第1节,软件工程,北京大学,王立福，孙艳春，刘学
软件产业的形成,knowledge,第1章,第1节,软件工程,北京大学,王立福，孙艳春，刘学
软件产业的地位,knowledge,第1章,第1节,软件工程,北京大学,王立福，孙艳春，刘学
全球软件产业的发展,knowledge,第1章,第1节,软件工程,北京大学,王立福，孙艳春，刘学
中国软件产业的现状,knowledge,第1章,第1节,软件工程,北京大学,王立福，孙艳春，刘学
中国软件产业发展的瓶颈,knowledge,第1章,第1节,软件工程,北京大学,王立福，孙艳春，刘学
软件及软件工程的相关概念(2),knowledge,第1章,第2节,软件工程,北京大学,王立福，孙艳春，刘学
课前提要,knowledge,第1章,第2节,软件工程,北京大学,王立福，孙艳春，刘学
软件危机,knowledge,第1章,第2节,软件工程,北京大学,王立福，孙艳春，刘学
软件复杂性的增长,knowledge,第1章,第2节,软件工程,北京大学,王立福，孙艳春，刘学
软件现状——危机仍然存在,knowledge,第1章,第2节,软件工程,北京大学,王立福，孙艳春，刘学
软件工程的诞生,knowledge,第1章,第2节,软件工程,北京大学,王立福，孙艳春，刘学
软件工程的概念,knowledge,第1章,第2节,软件工程,北京大学,王立福，孙艳春，刘学
软件工程范围,knowledge,第1章,第2节,软件工程,北京大学,王立福，孙艳春，刘学
软件工程框架,knowledge,第1章,第2节,软件工程,北京大学,王立福，孙艳春，刘学
软件技术与软件工程,knowledge,第1章,第2节,软件工程,北京大学,王立福，孙艳春，刘学
OSISO/GB软件产品质量模型,knowledge,第1章,第2节,软件工程,北京大学,王立福，孙艳春，刘学
软件方法学的层次,knowledge,第1章,第2节,软件工程,北京大学,王立福，孙艳春，刘学
软件工程发展的主要历程,knowledge,第1章,第2节,软件工程,北京大学,王立福，孙艳春，刘学
软件工程框架,knowledge,第1章,第2节,软件工程,北京大学,王立福，孙艳春，刘学
软件方法学发展回顾,knowledge,第1章,第2节,软件工程,北京大学,王立福，孙艳春，刘学
对软件工程认识的发展,knowledge,第1章,第2节,软件工程,北京大学,王立福，孙艳春，刘学
软件工程研究热点,knowledge,第1章,第2节,软件工程,北京大学,王立福，孙艳春，刘学
Internet带来的挑战及新兴研究,knowledge,第1章,第2节,软件工程,北京大学,王立福，孙艳春，刘学
未来软件面临的挑战； 开发关注点的变化、对高可信的关注,knowledge,第1章,第2节,软件工程,北京大学,王立福，孙艳春，刘学
网构软件及其技术体系,knowledge,第1章,第2节,软件工程,北京大学,王立福，孙艳春，刘学
关于本课程的学习,knowledge,第1章,第2节,软件工程,北京大学,王立福，孙艳春，刘学
软件工程的相关概念(1),knowledge,第1章,第3节,软件工程,北京大学,王立福，孙艳春，刘学
介绍本次课程的内容,knowledge,第1章,第3节,软件工程,北京大学,王立福，孙艳春，刘学
设置本门课程的基本目的,knowledge,第1章,第3节,软件工程,北京大学,王立福，孙艳春，刘学
软件工程的基本知识结构,knowledge,第1章,第3节,软件工程,北京大学,王立福，孙艳春，刘学
本门课程内容简介,knowledge,第1章,第3节,软件工程,北京大学,王立福，孙艳春，刘学
教科书与教学参考书,knowledge,第1章,第3节,软件工程,北京大学,王立福，孙艳春，刘学
学生成绩评定方法及课程实践说明,knowledge,第1章,第3节,软件工程,北京大学,王立福，孙艳春，刘学
软件的定义,knowledge,第1章,第3节,软件工程,北京大学,王立福，孙艳春，刘学
软件的特点,knowledge,第1章,第3节,软件工程,北京大学,王立福，孙艳春，刘学
软件的种类,knowledge,第1章,第3节,软件工程,北京大学,王立福，孙艳春，刘学
软件工程的相关概念(2),knowledge,第1章,第4节,软件工程,北京大学,王立福，孙艳春，刘学
软件的种类（承接上）,knowledge,第1章,第4节,软件工程,北京大学,王立福，孙艳春，刘学
软件工程的起源,knowledge,第1章,第4节,软件工程,北京大学,王立福，孙艳春，刘学
软件开发的三阶段：个人程序时期,knowledge,第1章,第4节,软件工程,北京大学,王立福，孙艳春，刘学
软件开发的三阶段：软件作坊时期,knowledge,第1章,第4节,软件工程,北京大学,王立福，孙艳春，刘学
软件开发的三阶段：软件工程时期,knowledge,第1章,第4节,软件工程,北京大学,王立福，孙艳春，刘学
软件工程概念提出,knowledge,第1章,第4节,软件工程,北京大学,王立福，孙艳春，刘学
软件工程的定义,knowledge,第1章,第4节,软件工程,北京大学,王立福，孙艳春，刘学
软件开发的本质和基本手段；软件开发的含义,knowledge,第1章,第4节,软件工程,北京大学,王立福，孙艳春，刘学
软件开发的基本手段； 问题空间与解空间的映射,knowledge,第1章,第4节,软件工程,北京大学,王立福，孙艳春，刘学
软件开发的本质和基本手段：实现映射的基本手段；建模模型的概念与软件系统或项的模型分类,knowledge,第1章,第4节,软件工程,北京大学,王立福，孙艳春，刘学
软件工程的框架；软件工程的目标,knowledge,第1章,第4节,软件工程,北京大学,王立福，孙艳春，刘学
软件工程的框架；软件工程的活动；需求、设计、实现、确认、支持活动,knowledge,第1章,第4节,软件工程,北京大学,王立福，孙艳春，刘学
软件工程的框架：软件工程的原则,knowledge,第1章,第4节,软件工程,北京大学,王立福，孙艳春，刘学
软件工程的框架：软件工程框架的作用,knowledge,第1章,第4节,软件工程,北京大学,王立福，孙艳春，刘学
软件产业的形成与发展：中国软件产业的形成,knowledge,第1章,第4节,软件工程,北京大学,王立福，孙艳春，刘学
软件产业的形成与发展：全球软件产业的发展,knowledge,第1章,第4节,软件工程,北京大学,王立福，孙艳春，刘学
软件产业的形成与发展：中印软件业的对比,knowledge,第1章,第4节,软件工程,北京大学,王立福，孙艳春，刘学
软件产业的形成与发展：中国软件工程人才极其紧缺。,knowledge,第1章,第4节,软件工程,北京大学,王立福，孙艳春，刘学
划分整体框架、过各分类：基本过程、支持过程和组织过程(1),knowledge,第2章,第1节,软件工程,北京大学,王立福，孙艳春，刘学
软件工程整体框架,knowledge,第2章,第1节,软件工程,北京大学,王立福，孙艳春，刘学
软件工程生存周期过程概念,knowledge,第2章,第1节,软件工程,北京大学,王立福，孙艳春，刘学
软件工程生存周期过程与软件过程对比 ,knowledge,第2章,第1节,软件工程,北京大学,王立福，孙艳春，刘学
软件开发的前期准备——任务、活动、过程,knowledge,第2章,第1节,软件工程,北京大学,王立福，孙艳春，刘学
f积分类：基本过程、支持过程、组织过程,knowledge,第2章,第1节,软件工程,北京大学,王立福，孙艳春，刘学
基本过程分类：获取、供应、开发、运行、维护过程,knowledge,第2章,第1节,软件工程,北京大学,王立福，孙艳春，刘学
软件生存周期过程和软件开发过程对比总结；软件开发过程,knowledge,第2章,第1节,软件工程,北京大学,王立福，孙艳春，刘学
f种的实施准备~规划软件工程过程,knowledge,第2章,第1节,软件工程,北京大学,王立福，孙艳春，刘学
软件需求分析,knowledge,第2章,第1节,软件工程,北京大学,王立福，孙艳春，刘学
划分整体框架、过各分类：基本过程、支持过程和组织过程(2),knowledge,第2章,第2节,软件工程,北京大学,王立福，孙艳春，刘学
软件体系结构设计,knowledge,第2章,第2节,软件工程,北京大学,王立福，孙艳春，刘学
软件支持过程（文档、配置管理、质量保证、验证、确认、联合评审、审计、问题解决过程）,knowledge,第2章,第2节,软件工程,北京大学,王立福，孙艳春，刘学
软件工程生存周期过程与软件过程对比,knowledge,第2章,第2节,软件工程,北京大学,王立福，孙艳春，刘学
软件开发的前期准备—任务、活动、过程实现、验证,knowledge,第2章,第2节,软件工程,北京大学,王立福，孙艳春，刘学
过程分类,knowledge,第2章,第2节,软件工程,北京大学,王立福，孙艳春，刘学
验证（合同验证、过程验证、需求验证、设计验证、编码验证、集成验证、文档验证）,knowledge,第2章,第2节,软件工程,北京大学,王立福，孙艳春，刘学
确认过程、验证和确认的执行,knowledge,第2章,第2节,软件工程,北京大学,王立福，孙艳春，刘学
软件测试（错误、故障、失效）,knowledge,第2章,第2节,软件工程,北京大学,王立福，孙艳春，刘学
组织过程（管理过程、基础设施过程、改进过程、人力资源过程、资产管理过程、复用程序管理过程、领域软件工程过程）,knowledge,第2章,第2节,软件工程,北京大学,王立福，孙艳春，刘学
管理过程（产品管理、项目管理、过程管理）,knowledge,第2章,第2节,软件工程,北京大学,王立福，孙艳春，刘学
基础设施过程,knowledge,第2章,第2节,软件工程,北京大学,王立福，孙艳春，刘学
软件过程之间的关系,knowledge,第2章,第2节,软件工程,北京大学,王立福，孙艳春，刘学
划分整体框架、过各分类：基本过程、支持过程和组织过程(3),knowledge,第2章,第3节,软件工程,北京大学,王立福，孙艳春，刘学
软件生存周期概念和软件生存周期过程,knowledge,第2章,第3节,软件工程,北京大学,王立福，孙艳春，刘学
过程分类（基本过程、支持过程、组织过程）,knowledge,第2章,第3节,软件工程,北京大学,王立福，孙艳春，刘学
软件生存周期模型（基本概念）,knowledge,第2章,第3节,软件工程,北京大学,王立福，孙艳春，刘学
瀑布模型,knowledge,第2章,第3节,软件工程,北京大学,王立福，孙艳春，刘学
关于瀑布模型的几点说明,knowledge,第2章,第3节,软件工程,北京大学,王立福，孙艳春，刘学
瀑布模型存在的不足,knowledge,第2章,第3节,软件工程,北京大学,王立福，孙艳春，刘学
瀑布模型适用的情况,knowledge,第2章,第3节,软件工程,北京大学,王立福，孙艳春，刘学
增量模型,knowledge,第2章,第3节,软件工程,北京大学,王立福，孙艳春，刘学
关于增量模型的几点说明,knowledge,第2章,第3节,软件工程,北京大学,王立福，孙艳春，刘学
增量模型的缺点,knowledge,第2章,第3节,软件工程,北京大学,王立福，孙艳春，刘学
增量模型的适用情况,knowledge,第2章,第3节,软件工程,北京大学,王立福，孙艳春，刘学
演化模型,knowledge,第2章,第3节,软件工程,北京大学,王立福，孙艳春，刘学
划分整体框架、过各分类：基本过程、支持过程和组织过程(4),knowledge,第2章,第4节,软件工程,北京大学,王立福，孙艳春，刘学
演化模型、演化模型的几点说明（主要特征、与瀑布模型的关使用演化模型应注意问题、演化模型的长处和不足）,knowledge,第2章,第4节,软件工程,北京大学,王立福，孙艳春，刘学
喷泉模型（特征：迭代无缝、与面向对象技术的关系）,knowledge,第2章,第4节,软件工程,北京大学,王立福，孙艳春，刘学
螺旋模型（特点）,knowledge,第2章,第4节,软件工程,北京大学,王立福，孙艳春，刘学
关于螺旋模型的几点说明（基本步骤、特点、与其他模型的关系,knowledge,第2章,第4节,软件工程,北京大学,王立福，孙艳春，刘学
快速原型模型,knowledge,第2章,第4节,软件工程,北京大学,王立福，孙艳春，刘学
面向利用的软件开发模型,knowledge,第2章,第4节,软件工程,北京大学,王立福，孙艳春，刘学
面向利用的软件开发模型的优点、缺点,knowledge,第2章,第4节,软件工程,北京大学,王立福，孙艳春，刘学
回顾（软件开发过程要做的事情、开发活动的组织框架、软件生存周期过程）,knowledge,第2章,第4节,软件工程,北京大学,王立福，孙艳春，刘学
需求的概念、需求分析的概念与需求规约过程(1),knowledge,第3章,第1节,软件工程,北京大学,王立福，孙艳春，刘学
说明本章内容在于带领大家了解关于需求、软件需求、软件需求规约等一系列问题,knowledge,第3章,第1节,软件工程,北京大学,王立福，孙艳春，刘学
说明正确定义问题是解决问题的前提，提出定义问题的基本要素及基本格式,knowledge,第3章,第1节,软件工程,北京大学,王立福，孙艳春，刘学
如何认识需求工作，说明软件无处不在,knowledge,第3章,第1节,软件工程,北京大学,王立福，孙艳春，刘学
软件集成系统示例——空中交通管制系统,knowledge,第3章,第1节,软件工程,北京大学,王立福，孙艳春，刘学
通过上述示例说明软件是容易修改的，但修改正确是很难的,knowledge,第3章,第1节,软件工程,北京大学,王立福，孙艳春，刘学
了解需求工作在系统工程中的位置，并给出系统工程的概念,knowledge,第3章,第1节,软件工程,北京大学,王立福，孙艳春，刘学
给出需求分析（问题定义）、软件体系结构设计（解决方案分析）、验证确认及测试（产品评估）的概念,knowledge,第3章,第1节,软件工程,北京大学,王立福，孙艳春，刘学
说明软件需求是软件开发的工作基础，并大致描述软件开发的几个过程，还简单介绍了自顶向下及自底向上的两种开发方式,knowledge,第3章,第1节,软件工程,北京大学,王立福，孙艳春，刘学
给出需求及需求获取的定义，并给出两个实例说明,knowledge,第3章,第1节,软件工程,北京大学,王立福，孙艳春，刘学
说明什么样的陈述可以作为需求，即需求的5个基本性质,knowledge,第3章,第1节,软件工程,北京大学,王立福，孙艳春，刘学
需求分类分为功能需求、性能需求、外部接口、设计约束及质量属性,knowledge,第3章,第1节,软件工程,北京大学,王立福，孙艳春，刘学
介绍了功能需求，并给出规约内容，且与非功能需求进行对比,knowledge,第3章,第1节,软件工程,北京大学,王立福，孙艳春，刘学
介绍了性能需求，并给出示例,knowledge,第3章,第1节,软件工程,北京大学,王立福，孙艳春，刘学
介绍了外部接口需求，给出示例，并进行分类,knowledge,第3章,第1节,软件工程,北京大学,王立福，孙艳春，刘学
介绍了设计约束，并给出示例及考虑方面，如法规政策、硬件限制等,knowledge,第3章,第1节,软件工程,北京大学,王立福，孙艳春，刘学
介绍了质量属性，并给出示例,knowledge,第3章,第1节,软件工程,北京大学,王立福，孙艳春，刘学
给出需求发现的技术，其中介绍了第一种技术——自悟，说明其适用条件及成功条件,knowledge,第3章,第1节,软件工程,北京大学,王立福，孙艳春，刘学
软件设计、框架、模式、模块化、信息隐藏、功能独立、尺寸模块、重构、类、设计模型、模块独立、内聚、耦合、系统设计、数据设计、评估、数据流、映射、详细设计、UML、界面设计,knowledge,第3章,第2节,软件工程,北京大学,王立福，孙艳春，刘学
软件需求发现的其他技术——交谈，说明其成功条件、存在的风险及应对措施,knowledge,第3章,第2节,软件工程,北京大学,王立福，孙艳春，刘学
需求发现的其他技术——观察，并说明其存在的风险,knowledge,第3章,第2节,软件工程,北京大学,王立福，孙艳春，刘学
软件需求发现的其他技术——小组会，说明其角色的作用及优点,knowledge,第3章,第2节,软件工程,北京大学,王立福，孙艳春，刘学
介绍需求规约（SRS）的概念及基本性质,knowledge,第3章,第2节,软件工程,北京大学,王立福，孙艳春，刘学
特别介绍对于功能需求规约的注意内容,knowledge,第3章,第2节,软件工程,北京大学,王立福，孙艳春，刘学
介绍需求规约的格式，主要采用IEEE标准830-1998所给出的格式，第一部分为引言，重点说明了其中的概述部分指的就是项目范围,knowledge,第3章,第2节,软件工程,北京大学,王立福，孙艳春，刘学
第二部分为总体描述,knowledge,第3章,第2节,软件工程,北京大学,王立福，孙艳春，刘学
第三部分为特定需求，是文档的核心技术，针对其不同的组织方式给出了一些相关模板,knowledge,第3章,第2节,软件工程,北京大学,王立福，孙艳春，刘学
表达需求规约（规格说明书）的三种风格，第一种为非形式化的规约，第二种为半形式化的规约，第三种为形式化规约,knowledge,第3章,第2节,软件工程,北京大学,王立福，孙艳春，刘学
对软件需求的规约给出两个注意点,knowledge,第3章,第2节,软件工程,北京大学,王立福，孙艳春，刘学
需求规约的作用，并对软件测试进行简单说明,knowledge,第3章,第2节,软件工程,北京大学,王立福，孙艳春，刘学
给出初始测试计划的主要内容及作用,knowledge,第3章,第2节,软件工程,北京大学,王立福，孙艳春，刘学
用户系统操作描述的主要内容及作用,knowledge,第3章,第2节,软件工程,北京大学,王立福，孙艳春，刘学
SRS所不能实现的内容,knowledge,第3章,第2节,软件工程,北京大学,王立福，孙艳春，刘学
关于项目的需求及其需求规约,knowledge,第3章,第2节,软件工程,北京大学,王立福，孙艳春，刘学
使用结构化方法进行需求分析,knowledge,第4章,第1节,软件工程,北京大学,王立福，孙艳春，刘学
介绍软件开发方法以及软件开发方法学的概念,knowledge,第4章,第1节,软件工程,北京大学,王立福，孙艳春，刘学
软件开发方法学在软件工程生存周期过程中的作用,knowledge,第4章,第1节,软件工程,北京大学,王立福，孙艳春，刘学
软件需求与软件需求规约的概念,knowledge,第4章,第1节,软件工程,北京大学,王立福，孙艳春，刘学
结构化方法学的概念,knowledge,第4章,第1节,软件工程,北京大学,王立福，孙艳春，刘学
结构化方法需求分析的目标,knowledge,第4章,第1节,软件工程,北京大学,王立福，孙艳春，刘学
实现软件需求分析的目标对方法学的需求,knowledge,第4章,第1节,软件工程,北京大学,王立福，孙艳春，刘学
"结构化分析中的基本术语
数据流、加工、数据存储、数据源、数据潭
",knowledge,第4章,第1节,软件工程,北京大学,王立福，孙艳春，刘学
"模型表达工具——数据流图（DFD图）、机票预订系统的实例
",knowledge,第4章,第1节,软件工程,北京大学,王立福，孙艳春，刘学
数据字典——定义数据流和数据存储,knowledge,第4章,第1节,软件工程,北京大学,王立福，孙艳春，刘学
超市商品销售的数据字典实例,knowledge,第4章,第1节,软件工程,北京大学,王立福，孙艳春，刘学
定义加工小说明，结构化自然语言,knowledge,第4章,第1节,软件工程,北京大学,王立福，孙艳春，刘学
判定表，考试成绩判定实例,knowledge,第4章,第1节,软件工程,北京大学,王立福，孙艳春，刘学
判定树，计算折扣量实例,knowledge,第4章,第1节,软件工程,北京大学,王立福，孙艳春，刘学
过程指导，建立系统功能模型，建立数据字典，给出加工小说明,knowledge,第4章,第1节,软件工程,北京大学,王立福，孙艳春，刘学
结构化分析方法应用实例，商业自动化系统实例分析,knowledge,第4章,第1节,软件工程,北京大学,王立福，孙艳春，刘学
实例分析:建立系统的功能模型，顶层数据流图分析,knowledge,第4章,第1节,软件工程,北京大学,王立福，孙艳春，刘学
实例分析:0层数据流图的构建,knowledge,第4章,第1节,软件工程,北京大学,王立福，孙艳春，刘学
实例分析:其他层数据流图的分解方法,knowledge,第4章,第1节,软件工程,北京大学,王立福，孙艳春，刘学
实例分析:数据字典建立,knowledge,第4章,第1节,软件工程,北京大学,王立福，孙艳春，刘学
实例分析：加工小说明,knowledge,第4章,第1节,软件工程,北京大学,王立福，孙艳春，刘学
结构化分析方法建模中应该注意的问题：模型平衡问题、信息组织复杂性控制问题,knowledge,第4章,第1节,软件工程,北京大学,王立福，孙艳春，刘学
实例分株 图书馆理系统,knowledge,第4章,第1节,软件工程,北京大学,王立福，孙艳春，刘学
使用结构化方法进行需求分析(2),knowledge,第4章,第2节,软件工程,北京大学,王立福，孙艳春，刘学
图书管理系统实例介绍,knowledge,第4章,第2节,软件工程,北京大学,王立福，孙艳春，刘学
实例分析：对系统进行功能抽象,knowledge,第4章,第2节,软件工程,北京大学,王立福，孙艳春，刘学
实例分析：顶层数据流图建立,knowledge,第4章,第2节,软件工程,北京大学,王立福，孙艳春，刘学
实例分析：1层数据流图的建立 ,knowledge,第4章,第2节,软件工程,北京大学,王立福，孙艳春，刘学
实例分析：数据字典的建立,knowledge,第4章,第2节,软件工程,北京大学,王立福，孙艳春，刘学
实例分析：加工小说明的建立 ,knowledge,第4章,第2节,软件工程,北京大学,王立福，孙艳春，刘学
需求规约与需求文档的关系,knowledge,第4章,第2节,软件工程,北京大学,王立福，孙艳春，刘学
软件需求规格说明书的书写——引言部分,knowledge,第4章,第2节,软件工程,北京大学,王立福，孙艳春，刘学
软件需求规格说明书的书写——概述部分,knowledge,第4章,第2节,软件工程,北京大学,王立福，孙艳春，刘学
软件需求规格说明书的书写——数据流图与数据字典及加工说明,knowledge,第4章,第2节,软件工程,北京大学,王立福，孙艳春，刘学
软件需求规格说明书的书写——接口、性能需求、属性,knowledge,第4章,第2节,软件工程,北京大学,王立福，孙艳春，刘学
软件需求规格说明书的书写——其他需求,knowledge,第4章,第2节,软件工程,北京大学,王立福，孙艳春，刘学
需求验证,knowledge,第4章,第2节,软件工程,北京大学,王立福，孙艳春，刘学
回顾总结本章基本概念,knowledge,第4章,第2节,软件工程,北京大学,王立福，孙艳春，刘学
结构化设计方法(1),knowledge,第5章,第1节,软件工程,北京大学,王立福，孙艳春，刘学
介绍本节课的主要内容和设计的基本概念,knowledge,第5章,第1节,软件工程,北京大学,王立福，孙艳春，刘学
结构化设计的分类：总体设计和详细设计,knowledge,第5章,第1节,软件工程,北京大学,王立福，孙艳春，刘学
实现软件设计的目标对结构化设计方法的需求，回顾了结构化分析方法,knowledge,第5章,第1节,软件工程,北京大学,王立福，孙艳春，刘学
结构化设计方法——在总体设计层：引入了两个术语/符号，引入了模块结构图，过程指导,knowledge,第5章,第1节,软件工程,北京大学,王立福，孙艳春，刘学
总体设计的两步实现,knowledge,第5章,第1节,软件工程,北京大学,王立福，孙艳春，刘学
总体设计第一步（DFD到初始的MSD）：数据流图分类，变换型DFD、事务型DFD,knowledge,第5章,第1节,软件工程,北京大学,王立福，孙艳春，刘学
总体设计第一步（DFD到初始的MSD）：变换设计的基本步骤,knowledge,第5章,第1节,软件工程,北京大学,王立福，孙艳春，刘学
总体设计第一步（DFD到初始的MSD）：事务设计的基本步骤,knowledge,第5章,第1节,软件工程,北京大学,王立福，孙艳春，刘学
总体设计第一步（DFD到初始的MSD）：总结，案例，输入、输出、变换的精化,knowledge,第5章,第1节,软件工程,北京大学,王立福，孙艳春，刘学
总体设计第二步：将初始的MSD转换为最终可供详细设计使用的MSD总体介绍,knowledge,第5章,第1节,软件工程,北京大学,王立福，孙艳春，刘学
总体设计第二步：模块和模块化的概念、模块化的原因,knowledge,第5章,第1节,软件工程,北京大学,王立福，孙艳春，刘学
总体设计第二步：模块化的评价,knowledge,第5章,第1节,软件工程,北京大学,王立福，孙艳春，刘学
总体设计第二步：模块化的评价——耦合，定义、依赖因素,knowledge,第5章,第1节,软件工程,北京大学,王立福，孙艳春，刘学
结构化设计方法(2),knowledge,第5章,第2节,软件工程,北京大学,王立福，孙艳春，刘学
软件工程的学习在于理解而不是背诵概念,knowledge,第5章,第2节,软件工程,北京大学,王立福，孙艳春，刘学
总体设计第二步：模块化的评价——耦合，类型、模型、原则,knowledge,第5章,第2节,软件工程,北京大学,王立福，孙艳春，刘学
总体设计第二步：模块化的评价——内聚，定义、类型、模型,knowledge,第5章,第2节,软件工程,北京大学,王立福，孙艳春，刘学
总体设计第二步：模块化的评价——启发式规则总体介绍,knowledge,第5章,第2节,软件工程,北京大学,王立福，孙艳春，刘学
总体设计第二步：模块化的评价——启发式规则，改进软件结构，提高模块独立性,knowledge,第5章,第2节,软件工程,北京大学,王立福，孙艳春，刘学
总体设计第二步：模块化的评价——启发式规则，模块规模适中—每页60行语句（心理学角度）,knowledge,第5章,第2节,软件工程,北京大学,王立福，孙艳春，刘学
总体设计第二步：模块化的评价——启发式规则，深度、宽度、扇入和扇出适中,knowledge,第5章,第2节,软件工程,北京大学,王立福，孙艳春，刘学
总体设计第二步：模块化的评价——启发式规则，模块的作用域力争在控制欲之内,knowledge,第5章,第2节,软件工程,北京大学,王立福，孙艳春，刘学
总体设计第二步：根据数字仪表板案例介绍改进软件结构，提高模块独立性的内容,knowledge,第5章,第2节,软件工程,北京大学,王立福，孙艳春，刘学
总体设计第二步：输入部分的精华,knowledge,第5章,第2节,软件工程,北京大学,王立福，孙艳春，刘学
总体设计第二步：输出部分的精华,knowledge,第5章,第2节,软件工程,北京大学,王立福，孙艳春，刘学
总体设计第二步：变换部分的精华,knowledge,第5章,第2节,软件工程,北京大学,王立福，孙艳春，刘学
总体设计总结,knowledge,第5章,第2节,软件工程,北京大学,王立福，孙艳春，刘学
本节课总体设计课程的总结,knowledge,第5章,第2节,软件工程,北京大学,王立福，孙艳春，刘学
结构化设计方法(3),knowledge,第5章,第3节,软件工程,北京大学,王立福，孙艳春，刘学
设计阶段和设计内容的知识框架介绍,knowledge,第5章,第3节,软件工程,北京大学,王立福，孙艳春，刘学
总体设计三阶段：初始设计、精华设计、设计复审阶段,knowledge,第5章,第3节,软件工程,北京大学,王立福，孙艳春，刘学
接口设计：分类,knowledge,第5章,第3节,软件工程,北京大学,王立福，孙艳春，刘学
接口设计：人机交互界面——用户界面应具备的特性、用户类型、界面设计类型、设计详细的交互,knowledge,第5章,第3节,软件工程,北京大学,王立福，孙艳春，刘学
数据设计：文件设计,knowledge,第5章,第3节,软件工程,北京大学,王立福，孙艳春，刘学
数据设计：数据库设计（略讲）,knowledge,第5章,第3节,软件工程,北京大学,王立福，孙艳春，刘学
详细设计层：基本概念,knowledge,第5章,第3节,软件工程,北京大学,王立福，孙艳春，刘学
详细设计层：第一种表达——伪码（类程序设计语言PDL，program design language）,knowledge,第5章,第3节,软件工程,北京大学,王立福，孙艳春，刘学
详细设计层：第二种表达——程序流程图（程序框图）,knowledge,第5章,第3节,软件工程,北京大学,王立福，孙艳春，刘学
详细设计层：第三种表达——PAD图（program analysis diagram）,knowledge,第5章,第3节,软件工程,北京大学,王立福，孙艳春，刘学
详细设计层：第四种表达——N-S图,knowledge,第5章,第3节,软件工程,北京大学,王立福，孙艳春，刘学
详细设计层：第五种表达——判定表和判定树，结构化分析方法已经提过，此处略讲,knowledge,第5章,第3节,软件工程,北京大学,王立福，孙艳春，刘学
软件设计规约（软件设计说明书）：基本概念,knowledge,第5章,第3节,软件工程,北京大学,王立福，孙艳春，刘学
软件设计规约（软件设计说明书）：组成——概要设计规约和详细设计规约,knowledge,第5章,第3节,软件工程,北京大学,王立福，孙艳春，刘学
软件设计规约（软件设计说明书）：格式——引言，总体设计，运行设计，系统出错处理、模块设计说明,knowledge,第5章,第3节,软件工程,北京大学,王立福，孙艳春，刘学
软件设计评审：基本概念,knowledge,第5章,第3节,软件工程,北京大学,王立福，孙艳春，刘学
软件设计评审：方法——非正式评审,knowledge,第5章,第3节,软件工程,北京大学,王立福，孙艳春，刘学
结构化设计方法(4),knowledge,第5章,第4节,软件工程,北京大学,王立福，孙艳春，刘学
软件设计评审：指南，提出“走查”的概念,knowledge,第5章,第4节,软件工程,北京大学,王立福，孙艳春，刘学
软件设计评审：评审检查表,knowledge,第5章,第4节,软件工程,北京大学,王立福，孙艳春，刘学
结构化方法总结：结构化方法的世界观,knowledge,第5章,第4节,软件工程,北京大学,王立福，孙艳春，刘学
结构化方法总结：基于的基本原理（举例：开门）,knowledge,第5章,第4节,软件工程,北京大学,王立福，孙艳春，刘学
结构化方法总结：可视作系统化的软件系统建模方法,knowledge,第5章,第4节,软件工程,北京大学,王立福，孙艳春，刘学
结构化方法总结：该方法的组成,knowledge,第5章,第4节,软件工程,北京大学,王立福，孙艳春，刘学
结构化方法总结：问题,knowledge,第5章,第4节,软件工程,北京大学,王立福，孙艳春，刘学
第二阶段课程实践的安排和课后作业的布置,knowledge,第5章,第4节,软件工程,北京大学,王立福，孙艳春，刘学
敏捷软件开发(1),knowledge,第6章,第1节,软件工程,北京大学,王立福，孙艳春，刘学
说明敏捷软件开发的含义、具体开发的一系列问题、原则和策略，并推荐教材,knowledge,第6章,第1节,软件工程,北京大学,王立福，孙艳春，刘学
敏捷软件开发概念，理念和过程。提出敏捷软件工程。并针对开发过程举出实际例子进行阐述,knowledge,第6章,第1节,软件工程,北京大学,王立福，孙艳春，刘学
提出敏捷聪明、敏捷联盟宣言,knowledge,第6章,第1节,软件工程,北京大学,王立福，孙艳春，刘学
个体交互胜过过程和工具的对比,knowledge,第6章,第1节,软件工程,北京大学,王立福，孙艳春，刘学
可工作的软件胜过面面俱到的文档,knowledge,第6章,第1节,软件工程,北京大学,王立福，孙艳春，刘学
客户合作胜过合同谈判,knowledge,第6章,第1节,软件工程,北京大学,王立福，孙艳春，刘学
响应变化胜过遵循计划，响应变化的注意事项，策略,knowledge,第6章,第1节,软件工程,北京大学,王立福，孙艳春，刘学
敏捷十二条原则，指导思想,knowledge,第6章,第1节,软件工程,北京大学,王立福，孙艳春，刘学
原则一——获取有质量软件的理念,knowledge,第6章,第1节,软件工程,北京大学,王立福，孙艳春，刘学
原则二——关于态度的思想，需求随时可以变，创造竞争优势,knowledge,第6章,第1节,软件工程,北京大学,王立福，孙艳春，刘学
原则三——项目规划的理念（涉及如何处理文档和软件项目开发之间的关系）,knowledge,第6章,第1节,软件工程,北京大学,王立福，孙艳春，刘学
原则四——团队组成和精神问题,knowledge,第6章,第1节,软件工程,北京大学,王立福，孙艳春，刘学
原则五——“领导”的含义，涉及管理功能,knowledge,第6章,第1节,软件工程,北京大学,王立福，孙艳春，刘学
原则六——获取开发信息（需求、技术信息和项目信息）途径,knowledge,第6章,第1节,软件工程,北京大学,王立福，孙艳春，刘学
原则七——进度度量的理念,knowledge,第6章,第1节,软件工程,北京大学,王立福，孙艳春，刘学
原则八——项目“持续发展”的能力,knowledge,第6章,第1节,软件工程,北京大学,王立福，孙艳春，刘学
原则九——提高敏捷能力的一种途径,knowledge,第6章,第1节,软件工程,北京大学,王立福，孙艳春，刘学
原则十——简单是根本的，使未完成的工作最小化的艺术,knowledge,第6章,第1节,软件工程,北京大学,王立福，孙艳春，刘学
原则十一——团队观念，一种软件项目管理的理念,knowledge,第6章,第1节,软件工程,北京大学,王立福，孙艳春，刘学
原则十二——自我调整和适应,knowledge,第6章,第1节,软件工程,北京大学,王立福，孙艳春，刘学
极限编程，并指出它由一系列简单却相互依赖的实践组成,knowledge,第6章,第1节,软件工程,北京大学,王立福，孙艳春，刘学
敏捷软件开发(2),knowledge,第6章,第2节,软件工程,北京大学,王立福，孙艳春，刘学
极限编程的实践，及十四条极限编程的原则。“客户作为团队的成员”含义及注意,knowledge,第6章,第2节,软件工程,北京大学,王立福，孙艳春，刘学
“用户素材”含义，一种规划工具，助记工具,knowledge,第6章,第2节,软件工程,北京大学,王立福，孙艳春，刘学
“短的交付周期 ”含义，每两周迭代实现“涉众需求”,knowledge,第6章,第2节,软件工程,北京大学,王立福，孙艳春，刘学
“验收测试”的作用、编写时间、编写工具,knowledge,第6章,第2节,软件工程,北京大学,王立福，孙艳春，刘学
“结对编程”的含义，结对编程是实践编程中的原则,knowledge,第6章,第2节,软件工程,北京大学,王立福，孙艳春，刘学
“测试驱动开发”的含义和益处，激励解除模块之间的耦合,knowledge,第6章,第2节,软件工程,北京大学,王立福，孙艳春，刘学
介绍“集体所有权”的含义,knowledge,第6章,第2节,软件工程,北京大学,王立福，孙艳春，刘学
介绍“持续集成”的含义,knowledge,第6章,第2节,软件工程,北京大学,王立福，孙艳春，刘学
“可持续的开发速度”,knowledge,第6章,第2节,软件工程,北京大学,王立福，孙艳春，刘学
“开放的工作空间”的含义，遇到麻烦时，适宜地进行交流,knowledge,第6章,第2节,软件工程,北京大学,王立福，孙艳春，刘学
“规划游戏”含义，本质和益处,knowledge,第6章,第2节,软件工程,北京大学,王立福，孙艳春，刘学
“简单的设计”，其中的三条执导原则：尽可能寻找最简单的方法实现当前的用户素材、延迟基础设施的需求决策、一次代码（重用）,knowledge,第6章,第2节,软件工程,北京大学,王立福，孙艳春，刘学
“重构”的含义，重构的方式：单元测试、不断进行,knowledge,第6章,第2节,软件工程,北京大学,王立福，孙艳春，刘学
“隐喻”的含义，举例“开发网络流量分析系统”，通过隐喻，可将整个系统连接在一起,knowledge,第6章,第2节,软件工程,北京大学,王立福，孙艳春，刘学
应用极限编程实践中应注意的两个问题,knowledge,第6章,第2节,软件工程,北京大学,王立福，孙艳春，刘学
极限编程过程（包含策划、设计、编码、测试4个框架活动的规则和实践）,knowledge,第6章,第2节,软件工程,北京大学,王立福，孙艳春，刘学
第一步——策划（开始于倾听，是一个需求获取活动），XP团队技术成员理解软件的商业背景及感受需要的输出和主要功能,knowledge,第6章,第2节,软件工程,北京大学,王立福，孙艳春，刘学
第二步——XP设计严格遵守简洁原则,knowledge,第6章,第2节,软件工程,北京大学,王立福，孙艳春，刘学
第三步——编码（编写单元测试用例、建立单元测试 、强调对结对编程、将开发的工作与他人的工作集成起来）,knowledge,第6章,第2节,软件工程,北京大学,王立福，孙艳春，刘学
第四步——测试（XP的关键为编码前建立单元测试），通用测试集、客户测试,knowledge,第6章,第2节,软件工程,北京大学,王立福，孙艳春，刘学
敏捷设计（问题的提出：避免僵化性、脆弱性、粘固性、粘滞性、不必要的复杂性、不必要的复制、晦涩性）,knowledge,第6章,第2节,软件工程,北京大学,王立福，孙艳春，刘学
防止软件腐化的基本途径，以变应变，尽力避免设计问题,knowledge,第6章,第2节,软件工程,北京大学,王立福，孙艳春，刘学
采用敏捷设计的方法（设计原则来保持软件灵活且可维护、设计模式来权衡原则）,knowledge,第6章,第2节,软件工程,北京大学,王立福，孙艳春，刘学
"一种敏捷过程模型——Scrum, Scrum的过程流",knowledge,第6章,第2节,软件工程,北京大学,王立福，孙艳春，刘学
可扩展的敏捷方法，如大型和小型系统开发的区别、伸缩敏捷的方法 ,knowledge,第6章,第2节,软件工程,北京大学,王立福，孙艳春，刘学
为保留敏捷方法的基本内涵（弹性计划、频繁发布、持续集成、测试驱动开发、良好的团队沟通），敏捷方法应用到大型项目时必须做的调整,knowledge,第6章,第2节,软件工程,北京大学,王立福，孙艳春，刘学
敏捷开发要点总结——专注快速开发的增量式开发，极限编程为一种著名的敏捷方法，极限编程之长处在于创建程序特征之前开发自动测试,knowledge,第6章,第2节,软件工程,北京大学,王立福，孙艳春，刘学
面向对象方法、UML,knowledge,第7章,第1节,软件工程,北京大学,王立福，孙艳春，刘学
课程内容概述,knowledge,第7章,第1节,软件工程,北京大学,王立福，孙艳春，刘学
面向对象方法发展概述,knowledge,第7章,第1节,软件工程,北京大学,王立福，孙艳春，刘学
面向对象方法的两大基本思想、代表及优缺点,knowledge,第7章,第1节,软件工程,北京大学,王立福，孙艳春，刘学
UML（统一建模语言）以及USDP（统一软件开发过程）的发展,knowledge,第7章,第1节,软件工程,北京大学,王立福，孙艳春，刘学
说明UML对面向对象的发展提供了阶梯,knowledge,第7章,第1节,软件工程,北京大学,王立福，孙艳春，刘学
通过一系列实例说明面向对象受到广泛关注,knowledge,第7章,第1节,软件工程,北京大学,王立福，孙艳春，刘学
面向对象概念,knowledge,第7章,第1节,软件工程,北京大学,王立福，孙艳春，刘学
通过实例说明对象的含义,knowledge,第7章,第1节,软件工程,北京大学,王立福，孙艳春，刘学
面向对象方法的主要特点,knowledge,第7章,第1节,软件工程,北京大学,王立福，孙艳春，刘学
面向对象方法的基本思想,knowledge,第7章,第1节,软件工程,北京大学,王立福，孙艳春，刘学
面向对象方法的目标,knowledge,第7章,第1节,软件工程,北京大学,王立福，孙艳春，刘学
面向对象方法的学习内容（基本知识、OOA、OOD、OOP）,knowledge,第7章,第1节,软件工程,北京大学,王立福，孙艳春，刘学
UML概述（定义、应用范围、本质等）,knowledge,第7章,第1节,软件工程,北京大学,王立福，孙艳春，刘学
面向对象方法术语/符号（两类：结构化地表达客观事物的术语；表达客观事物之间的关系）,knowledge,第7章,第1节,软件工程,北京大学,王立福，孙艳春，刘学
面向对象方法、UML(2),knowledge,第7章,第2节,软件工程,北京大学,王立福，孙艳春，刘学
结构化地表达客观事物的术语——类与对象（定义与表示、类名等）,knowledge,第7章,第2节,软件工程,北京大学,王立福，孙艳春，刘学
属性的定义、表示、作用范围、格式、声明等,knowledge,第7章,第2节,软件工程,北京大学,王立福，孙艳春，刘学
操作的定义、表示、作用范围、语法格式等,knowledge,第7章,第2节,软件工程,北京大学,王立福，孙艳春，刘学
类的责任,knowledge,第7章,第2节,软件工程,北京大学,王立福，孙艳春，刘学
属性和操作的可见性,knowledge,第7章,第2节,软件工程,北京大学,王立福，孙艳春，刘学
操作的多态性,knowledge,第7章,第2节,软件工程,北京大学,王立福，孙艳春，刘学
类在建模中的主要用途，即常用的建模技术,knowledge,第7章,第2节,软件工程,北京大学,王立福，孙艳春，刘学
类在使用中应注意的问题,knowledge,第7章,第2节,软件工程,北京大学,王立福，孙艳春，刘学
关于识别类、属性及操作——识别类,knowledge,第7章,第2节,软件工程,北京大学,王立福，孙艳春，刘学
关于识别类、属性及操作——识别属性,knowledge,第7章,第2节,软件工程,北京大学,王立福，孙艳春，刘学
面向对象方法、UML(3),knowledge,第7章,第3节,软件工程,北京大学,王立福，孙艳春，刘学
关于识别类、属性及操作——识别操作,knowledge,第7章,第3节,软件工程,北京大学,王立福，孙艳春，刘学
案例分析：超级市场销售管理系统 ,knowledge,第7章,第3节,软件工程,北京大学,王立福，孙艳春，刘学
接口（定义、作用、表示、举例及几点说明）,knowledge,第7章,第3节,软件工程,北京大学,王立福，孙艳春，刘学
面向对象分析和设计为什么要用接口,knowledge,第7章,第3节,软件工程,北京大学,王立福，孙艳春，刘学
协作（定义、表示及几点说明）,knowledge,第7章,第3节,软件工程,北京大学,王立福，孙艳春，刘学
用况（定义、表示 及几点说明）,knowledge,第7章,第3节,软件工程,北京大学,王立福，孙艳春，刘学
面向对象方法、UML(4),knowledge,第7章,第4节,软件工程,北京大学,王立福，孙艳春，刘学
主动类（定义、表示、特性等）,knowledge,第7章,第4节,软件工程,北京大学,王立福，孙艳春，刘学
构件（定义、表示、几点说明等）,knowledge,第7章,第4节,软件工程,北京大学,王立福，孙艳春，刘学
制品（定义、表示、几点说明等）,knowledge,第7章,第4节,软件工程,北京大学,王立福，孙艳春，刘学
节点（定义、表示、几点说明等）,knowledge,第7章,第4节,软件工程,北京大学,王立福，孙艳春，刘学
结构化地表示客观事物的术语小结,knowledge,第7章,第4节,软件工程,北京大学,王立福，孙艳春，刘学
包的语义,knowledge,第7章,第4节,软件工程,北京大学,王立福，孙艳春，刘学
包的表示,knowledge,第7章,第4节,软件工程,北京大学,王立福，孙艳春，刘学
包之间的关系——访问依赖与引入依赖,knowledge,第7章,第4节,软件工程,北京大学,王立福，孙艳春，刘学
对成组的元素建模策略,knowledge,第7章,第4节,软件工程,北京大学,王立福，孙艳春，刘学
 表达关系的术语——关联（定义、语义表达等）,knowledge,第7章,第4节,软件工程,北京大学,王立福，孙艳春，刘学
表达关系的术语——泛化（定义、几点说明、表示等）,knowledge,第7章,第4节,软件工程,北京大学,王立福，孙艳春，刘学
表达关系的术语——实现（定义、说明、表示、例子等）,knowledge,第7章,第4节,软件工程,北京大学,王立福，孙艳春，刘学
表达关系的术语——依赖（定义、几点说明、表示、分类等）,knowledge,第7章,第4节,软件工程,北京大学,王立福，孙艳春，刘学
四种术语在UML中包含的基本关系,knowledge,第7章,第4节,软件工程,北京大学,王立福，孙艳春，刘学
用UML对关系建模时的基本策略,knowledge,第7章,第4节,软件工程,北京大学,王立福，孙艳春，刘学
UML的术语表-元信息小结,knowledge,第7章,第4节,软件工程,北京大学,王立福，孙艳春，刘学
面向对象方法、UML(5),knowledge,第7章,第5节,软件工程,北京大学,王立福，孙艳春，刘学
UML为不同抽象层提供的6中对系统静态部分建模的图形工具,knowledge,第7章,第5节,软件工程,北京大学,王立福，孙艳春，刘学
UML为不同抽象层提供的7中对系统动态部分建模的图形工具,knowledge,第7章,第5节,软件工程,北京大学,王立福，孙艳春，刘学
静态模型表达工具-类图（定义、作用、内容等）,knowledge,第7章,第5节,软件工程,北京大学,王立福，孙艳春，刘学
实例分析——类图示例1、2,knowledge,第7章,第5节,软件工程,北京大学,王立福，孙艳春，刘学
类图的一般用法（创建类图的工作）,knowledge,第7章,第5节,软件工程,北京大学,王立福，孙艳春，刘学
系统行为（功能）的建模工具-USE CASE图 （定义、内容、术语等）,knowledge,第7章,第5节,软件工程,北京大学,王立福，孙艳春，刘学
用况图的使用并举例,knowledge,第7章,第5节,软件工程,北京大学,王立福，孙艳春，刘学
系统行为（交互）的建模工具-顺序图（定义、内容、几点说明等）,knowledge,第7章,第5节,软件工程,北京大学,王立福，孙艳春，刘学
面向对象方法、UML(6),knowledge,第7章,第6节,软件工程,北京大学,王立福，孙艳春，刘学
顺序图的几点说明（续上讲）,knowledge,第7章,第6节,软件工程,北京大学,王立福，孙艳春，刘学
系统行为（生存周期）的建模工具-状态图（定义、内容等）,knowledge,第7章,第6节,软件工程,北京大学,王立福，孙艳春，刘学
状态的定义、表示、分类,knowledge,第7章,第6节,软件工程,北京大学,王立福，孙艳春，刘学
状态的规约,knowledge,第7章,第6节,软件工程,北京大学,王立福，孙艳春，刘学
事件的定义、种类,knowledge,第7章,第6节,软件工程,北京大学,王立福，孙艳春，刘学
UML中四种模型化事件-信号,knowledge,第7章,第6节,软件工程,北京大学,王立福，孙艳春，刘学
UML中四种模型化事件-调用,knowledge,第7章,第6节,软件工程,北京大学,王立福，孙艳春，刘学
UML中四种模型化事件-时间事件和变化事件,knowledge,第7章,第6节,软件工程,北京大学,王立福，孙艳春，刘学
UML中四种模型化事件-发送事件和接受事件,knowledge,第7章,第6节,软件工程,北京大学,王立福，孙艳春，刘学
状态转换的定义、规约、表达及其格式,knowledge,第7章,第6节,软件工程,北京大学,王立福，孙艳春，刘学
状态图的一般用法,knowledge,第7章,第6节,软件工程,北京大学,王立福，孙艳春，刘学
实例分析——创建控制器状态机的状态图,knowledge,第7章,第6节,软件工程,北京大学,王立福，孙艳春，刘学
UML小结：UML的作用,knowledge,第7章,第6节,软件工程,北京大学,王立福，孙艳春，刘学
UML小结：UML与RUP,knowledge,第7章,第6节,软件工程,北京大学,王立福，孙艳春，刘学
面向对象的分析、设计和编程(1),knowledge,第8章,第1节,软件工程,北京大学,王立福，孙艳春，刘学
面向对象分析的基本任务,knowledge,第8章,第1节,软件工程,北京大学,王立福，孙艳春，刘学
面向对象分析的模型,knowledge,第8章,第1节,软件工程,北京大学,王立福，孙艳春，刘学
面向对象分析的过程,knowledge,第8章,第1节,软件工程,北京大学,王立福，孙艳春，刘学
识别类——研究问题域和用户要求：研究用户需求，明确系统责任；研究问题域；确定系统边界,knowledge,第8章,第1节,软件工程,北京大学,王立福，孙艳春，刘学
识别类——策略与启发：考虑问题域；考虑系统边界；考虑系统责任,knowledge,第8章,第1节,软件工程,北京大学,王立福，孙艳春，刘学
识别类——审查与筛选：舍弃无用的对象；对象的精简；与实现条件有关的对象,knowledge,第8章,第1节,软件工程,北京大学,王立福，孙艳春，刘学
识别类——识别主动对象,knowledge,第8章,第1节,软件工程,北京大学,王立福，孙艳春，刘学
识别类——对象分类，建立类图中的类：对象分类；异常情况的检查和调整；类的命名；建立类图的对象层,knowledge,第8章,第1节,软件工程,北京大学,王立福，孙艳春，刘学
识别属性——策略与启发,knowledge,第8章,第1节,软件工程,北京大学,王立福，孙艳春，刘学
识别属性——审查与筛选,knowledge,第8章,第1节,软件工程,北京大学,王立福，孙艳春，刘学
识别属性——与实现条件有关的问题都推迟到面向对象设计考虑,knowledge,第8章,第1节,软件工程,北京大学,王立福，孙艳春，刘学
识别属性——属性的命名，原则与类的命名相同,knowledge,第8章,第1节,软件工程,北京大学,王立福，孙艳春，刘学
识别属性——属性的详细说明,knowledge,第8章,第1节,软件工程,北京大学,王立福，孙艳春，刘学
识别操作——区分对象行为的类型,knowledge,第8章,第1节,软件工程,北京大学,王立福，孙艳春，刘学
识别操作——发现操作的策略与启发,knowledge,第8章,第1节,软件工程,北京大学,王立福，孙艳春，刘学
识别操作——审查与调整,knowledge,第8章,第1节,软件工程,北京大学,王立福，孙艳春，刘学
识别操作——认识对象的主动行为,knowledge,第8章,第1节,软件工程,北京大学,王立福，孙艳春，刘学
识别操作——操作的命名和定位,knowledge,第8章,第1节,软件工程,北京大学,王立福，孙艳春，刘学
识别操作——操作的详细说明,knowledge,第8章,第1节,软件工程,北京大学,王立福，孙艳春，刘学
案例分析：功能需求，第一步发现对象类，第二步审查筛选对象类，第三步分析每个类的属性和操作,knowledge,第8章,第1节,软件工程,北京大学,王立福，孙艳春，刘学
识别对象之间的关系——识别继承（泛化）：识别继承（泛化）关系的策略，包括学习当前领域的分类学知识、按常识考虑事物的分类,knowledge,第8章,第1节,软件工程,北京大学,王立福，孙艳春，刘学
面向对象的分析、设计和编程(2),knowledge,第8章,第2节,软件工程,北京大学,王立福，孙艳春，刘学
识别对象之间的关系——识别继承（泛化）：识别继承（泛化）关系的策略，包括使用继承的定义、考虑属性与操作的适用范围、考虑领域范围内的复用,knowledge,第8章,第2节,软件工程,北京大学,王立福，孙艳春，刘学
识别对象之间的关系——识别继承（泛化）：审查与调整,knowledge,第8章,第2节,软件工程,北京大学,王立福，孙艳春，刘学
识别对象之间的关系——识别继承（泛化）：继承关系的简化，包括取消没有特殊性的特殊类、增加属性简化继承关系、取消用途单一的一般类减少继承层次,knowledge,第8章,第2节,软件工程,北京大学,王立福，孙艳春，刘学
识别对象之间的关系——识别继承（泛化）：调整对象层和特征层,knowledge,第8章,第2节,软件工程,北京大学,王立福，孙艳春，刘学
识别对象之间的关系——识别关联：识别关联的策略，包括认识对象之间的静态联系、认识关联的属性与操作分析并表示关联的多重性、进一步分析关联的性质,knowledge,第8章,第2节,软件工程,北京大学,王立福，孙艳春，刘学
识别对象之间的关系——识别关联：命名与定位命名,knowledge,第8章,第2节,软件工程,北京大学,王立福，孙艳春，刘学
识别对象之间的关系——识别关联：调整对象层和特征层,knowledge,第8章,第2节,软件工程,北京大学,王立福，孙艳春，刘学
识别对象之间的关系——识别聚合：识别聚合的策略,knowledge,第8章,第2节,软件工程,北京大学,王立福，孙艳春，刘学
识别对象之间的关系——识别聚合：审查与筛选,knowledge,第8章,第2节,软件工程,北京大学,王立福，孙艳春，刘学
识别对象之间的关系——识别聚合：调整对象层和属性层,knowledge,第8章,第2节,软件工程,北京大学,王立福，孙艳春，刘学
识别对象之间的关系——识别依赖,knowledge,第8章,第2节,软件工程,北京大学,王立福，孙艳春，刘学
案例分析（续）：第四步定义对象类之间的关系,knowledge,第8章,第2节,软件工程,北京大学,王立福，孙艳春，刘学
面向对象的分析、设计和编程(3),knowledge,第8章,第3节,软件工程,北京大学,王立福，孙艳春，刘学
面向对象分析的总结,knowledge,第8章,第3节,软件工程,北京大学,王立福，孙艳春，刘学
早期（80年代至90年代初）的面向对象设计：历史，从OOP（面向对象编程）发展到OOD（面向对象设计,knowledge,第8章,第3节,软件工程,北京大学,王立福，孙艳春，刘学
早期（80年代至90年代初）的面向对象设计：方法,knowledge,第8章,第3节,软件工程,北京大学,王立福，孙艳春，刘学
早期（80年代至90年代初）的面向对象设计：特点,knowledge,第8章,第3节,软件工程,北京大学,王立福，孙艳春，刘学
现今（90年代）的面向对象设计：背景,knowledge,第8章,第3节,软件工程,北京大学,王立福，孙艳春，刘学
现今（90年代）的面向对象设计：特点,knowledge,第8章,第3节,软件工程,北京大学,王立福，孙艳春，刘学
现今（90年代）的面向对象设计：定义,knowledge,第8章,第3节,软件工程,北京大学,王立福，孙艳春，刘学
面向对象设计的根本目标：提高软件生产率、提高质量、加强可维护性,knowledge,第8章,第3节,软件工程,北京大学,王立福，孙艳春，刘学
面向对象分析和面向对象设计的关系,knowledge,第8章,第3节,软件工程,北京大学,王立福，孙艳春，刘学
面向对象设计方法概貌：概念和表示法,knowledge,第8章,第3节,软件工程,北京大学,王立福，孙艳春，刘学
面向对象设计方法概貌：面向对象设计模型,knowledge,第8章,第3节,软件工程,北京大学,王立福，孙艳春，刘学
面向对象分析与面向对象设计的关系,knowledge,第8章,第3节,软件工程,北京大学,王立福，孙艳春，刘学
面向对象设计的过程，简单介绍，要求学生自己学习下节课会进行提问,knowledge,第8章,第3节,软件工程,北京大学,王立福，孙艳春，刘学
面向对象的分析、设计和编程(4),knowledge,第8章,第4节,软件工程,北京大学,王立福，孙艳春，刘学
问题域部分(PDC)的设计：问题域部分的定义和基本概念,knowledge,第8章,第4节,软件工程,北京大学,王立福，孙艳春，刘学
问题域部分(PDC)的设计：需要问题域部分设计的原因,knowledge,第8章,第4节,软件工程,北京大学,王立福，孙艳春，刘学
问题域部分(PDC)的设计：实现条件对问题域部分的影响,knowledge,第8章,第4节,软件工程,北京大学,王立福，孙艳春，刘学
问题域部分(PDC)的设计： 总体概括,knowledge,第8章,第4节,软件工程,北京大学,王立福，孙艳春，刘学
问题域部分(PDC)的设计：如何进行问题域的设计——为复用设计与编程的类而增加结构,knowledge,第8章,第4节,软件工程,北京大学,王立福，孙艳春，刘学
问题域部分(PDC)的设计：如何进行问题域的设计——增加一般类以建立共同协议,knowledge,第8章,第4节,软件工程,北京大学,王立福，孙艳春，刘学
问题域部分(PDC)的设计：如何进行问题域的设计——按编程语言调整继承和多态（重难点）——整体概述,knowledge,第8章,第4节,软件工程,北京大学,王立福，孙艳春，刘学
问题域部分(PDC)的设计：如何进行问题域的设计——按编程语言调整继承和多态（重难点）——对继承的调整：方法1采用聚合，将多继承转换为单继承，方法2重新定义对象类，方法3压平,knowledge,第8章,第4节,软件工程,北京大学,王立福，孙艳春，刘学
问题域部分(PDC)的设计：如何进行问题域的设计——按编程语言调整继承和多态（重难点）——取消继承：方法1把继承结构展平，方法2采用聚合的方法,knowledge,第8章,第4节,软件工程,北京大学,王立福，孙艳春，刘学
问题域部分(PDC)的设计：如何进行问题域的设计——按编程语言调整继承和多态（重难点）——对多态性的调整,knowledge,第8章,第4节,软件工程,北京大学,王立福，孙艳春，刘学
问题域部分(PDC)的设计：如何进行问题域的设计——提高性能,knowledge,第8章,第4节,软件工程,北京大学,王立福，孙艳春，刘学
问题域部分(PDC)的设计：如何进行问题域的设计——为实现对象永久存储所做的修饰,knowledge,第8章,第4节,软件工程,北京大学,王立福，孙艳春，刘学
问题域部分(PDC)的设计：如何进行问题域的设计——为编程方便增加底层细节,knowledge,第8章,第4节,软件工程,北京大学,王立福，孙艳春，刘学
人机交互部分的设计：定义和基本概念,knowledge,第8章,第4节,软件工程,北京大学,王立福，孙艳春，刘学
人机交互部分的设计：需要人机交互部分的原因,knowledge,第8章,第4节,软件工程,北京大学,王立福，孙艳春，刘学
面向对象的分析、设计和编程(5),knowledge,第8章,第5节,软件工程,北京大学,王立福，孙艳春，刘学
人机交互部分的设计：人机交互部分的需求分析——分析与系统交互的人，人员活动者,knowledge,第8章,第5节,软件工程,北京大学,王立福，孙艳春，刘学
人机交互部分的设计：人机交互部分的需求分析——从use case分析人机交互,knowledge,第8章,第5节,软件工程,北京大学,王立福，孙艳春，刘学
人机交互部分的设计：人机交互部分的需求分析——命令的组织（略讲）,knowledge,第8章,第5节,软件工程,北京大学,王立福，孙艳春，刘学
人机交互部分的设计：人机界面的设计准则,knowledge,第8章,第5节,软件工程,北京大学,王立福，孙艳春，刘学
人机交互部分的设计：人机界面的OO设计——选择界面支持系统,knowledge,第8章,第5节,软件工程,北京大学,王立福，孙艳春，刘学
人机交互部分的设计：人机界面的OO设计——根据人机交互需求选择界面元素,knowledge,第8章,第5节,软件工程,北京大学,王立福，孙艳春，刘学
人机交互部分的设计：人机界面的OO设计——用OO概念与表示法表达所有的界面成分,knowledge,第8章,第5节,软件工程,北京大学,王立福，孙艳春，刘学
控制驱动部分的设计：定义和基本概念,knowledge,第8章,第5节,软件工程,北京大学,王立福，孙艳春，刘学
控制驱动部分的设计：需要控制驱动部分的原因（略讲）,knowledge,第8章,第5节,软件工程,北京大学,王立福，孙艳春，刘学
控制驱动部分的设计：如何设计控制驱动部分,knowledge,第8章,第5节,软件工程,北京大学,王立福，孙艳春，刘学
数据管理部分的设计：定义和基本概念、需要数据管理部分的原因,knowledge,第8章,第5节,软件工程,北京大学,王立福，孙艳春，刘学
数据管理部分的设计：如何设计数据管理部分——针对文件系统,knowledge,第8章,第5节,软件工程,北京大学,王立福，孙艳春，刘学
数据管理部分的设计：如何设计数据管理部分——针对R-DBMS,knowledge,第8章,第5节,软件工程,北京大学,王立福，孙艳春，刘学
面向对象的分析、设计和编程(6),knowledge,第8章,第6节,软件工程,北京大学,王立福，孙艳春，刘学
本节课的主要内容,knowledge,第8章,第6节,软件工程,北京大学,王立福，孙艳春，刘学
程序设计范型,knowledge,第8章,第6节,软件工程,北京大学,王立福，孙艳春，刘学
面向对象的编程语言：基本特性,knowledge,第8章,第6节,软件工程,北京大学,王立福，孙艳春，刘学
面向对象的编程语言：发展历史及语言谱系,knowledge,第8章,第6节,软件工程,北京大学,王立福，孙艳春，刘学
面向对象的编程语言：类别,knowledge,第8章,第6节,软件工程,北京大学,王立福，孙艳春，刘学
面向对象的编程语言：语言+类库+编程环境,knowledge,第8章,第6节,软件工程,北京大学,王立福，孙艳春，刘学
为实现OOD模型选择编程语言：一般原则,knowledge,第8章,第6节,软件工程,北京大学,王立福，孙艳春，刘学
为实现OOD模型选择编程语言：编程语言的评价标准,knowledge,第8章,第6节,软件工程,北京大学,王立福，孙艳春，刘学
几种典型的面向对象编程语言简介：C++,knowledge,第8章,第6节,软件工程,北京大学,王立福，孙艳春，刘学
几种典型的面向对象编程语言简介：Smalltalk、Eiffel（未讲解）,knowledge,第8章,第6节,软件工程,北京大学,王立福，孙艳春，刘学
几种典型的面向对象编程语言简介：Java,knowledge,第8章,第6节,软件工程,北京大学,王立福，孙艳春，刘学
用非OO编程语言实现OOD模型：基于对象的语言Ada（未讲解）、过程语言以C为例,knowledge,第8章,第6节,软件工程,北京大学,王立福，孙艳春，刘学
对本节课的总结，对学生课程项目进展提出建议。下节课的安排：项目展示和要求,knowledge,第8章,第6节,软件工程,北京大学,王立福，孙艳春，刘学
建立程序的控制流程图，对程序进行白盒测试，对模块进行黑盒测试，制定测试计划对软件进行测试(1),knowledge,第9章,第1节,软件工程,北京大学,王立福，孙艳春，刘学
介绍软件测试的概念和重要性,knowledge,第9章,第1节,软件工程,北京大学,王立福，孙艳春，刘学
论述软件测试的重要性：迪士尼狮子王游戏的例子,knowledge,第9章,第1节,软件工程,北京大学,王立福，孙艳春，刘学
论述软件测试的重要性：美国航天局火星基地登陆的例子,knowledge,第9章,第1节,软件工程,北京大学,王立福，孙艳春，刘学
论述软件测试的重要性：爱国者导弹防御系统的例子,knowledge,第9章,第1节,软件工程,北京大学,王立福，孙艳春，刘学
论述软件测试的重要性：千年虫的例子,knowledge,第9章,第1节,软件工程,北京大学,王立福，孙艳春，刘学
软件测试的定义，软件测试分为：动态分析，静态测试,knowledge,第9章,第1节,软件工程,北京大学,王立福，孙艳春，刘学
软件测试的目标：预防错误、发现错误,knowledge,第9章,第1节,软件工程,北京大学,王立福，孙艳春，刘学
软件测试与软件调试的区别,knowledge,第9章,第1节,软件工程,北京大学,王立福，孙艳春，刘学
软件测试过程模型,knowledge,第9章,第1节,软件工程,北京大学,王立福，孙艳春，刘学
软件测试过程模型中的几个关键性概念：错误、失效、故障,knowledge,第9章,第1节,软件工程,北京大学,王立福，孙艳春，刘学
软件测试的原则,knowledge,第9章,第1节,软件工程,北京大学,王立福，孙艳春，刘学
黑盒测试简介,knowledge,第9章,第1节,软件工程,北京大学,王立福，孙艳春，刘学
白盒测试简介,knowledge,第9章,第1节,软件工程,北京大学,王立福，孙艳春，刘学
建立程序的控制流程图，对程序进行白盒测试，对模块进行黑盒测试，制定测试计划对软件进行测试(2),knowledge,第9章,第2节,软件工程,北京大学,王立福，孙艳春，刘学
白盒测试——路径测试覆盖,knowledge,第9章,第2节,软件工程,北京大学,王立福，孙艳春，刘学
白盒测试——语句覆盖,knowledge,第9章,第2节,软件工程,北京大学,王立福，孙艳春，刘学
白盒测试——分支覆盖,knowledge,第9章,第2节,软件工程,北京大学,王立福，孙艳春，刘学
白盒测试——条件组合覆盖,knowledge,第9章,第2节,软件工程,北京大学,王立福，孙艳春，刘学
白盒测试——循环情况下关键路径的选取,knowledge,第9章,第2节,软件工程,北京大学,王立福，孙艳春，刘学
黑盒测试——事务流测试技术,knowledge,第9章,第2节,软件工程,北京大学,王立福，孙艳春，刘学
黑盒测试——等价类划分技术,knowledge,第9章,第2节,软件工程,北京大学,王立福，孙艳春，刘学
黑盒测试——边界值分析技术,knowledge,第9章,第2节,软件工程,北京大学,王立福，孙艳春，刘学
黑盒测试——因果图技术,knowledge,第9章,第2节,软件工程,北京大学,王立福，孙艳春，刘学
软件测试步骤——单元测试,knowledge,第9章,第2节,软件工程,北京大学,王立福，孙艳春，刘学
软件测试步骤——集成测试,knowledge,第9章,第2节,软件工程,北京大学,王立福，孙艳春，刘学
软件测试步骤——有效性测试（确认测试，验收测试）,knowledge,第9章,第2节,软件工程,北京大学,王立福，孙艳春，刘学
软件测试步骤——系统测试,knowledge,第9章,第2节,软件工程,北京大学,王立福，孙艳春，刘学
软件测试小结,knowledge,第9章,第2节,软件工程,北京大学,王立福，孙艳春，刘学
建立程序的控制流程图，对程序进行白盒测试，对模块进行黑盒测试，制定测试计划对软件进行测试(3),knowledge,第9章,第3节,软件工程,北京大学,王立福，孙艳春，刘学
软件测试步骤及相关技术应用简介,knowledge,第9章,第3节,软件工程,北京大学,王立福，孙艳春，刘学
软件测试步骤概述,knowledge,第9章,第3节,软件工程,北京大学,王立福，孙艳春，刘学
单元测试的内容,knowledge,第9章,第3节,软件工程,北京大学,王立福，孙艳春，刘学
单元测试的步骤,knowledge,第9章,第3节,软件工程,北京大学,王立福，孙艳春，刘学
集成测试的任务、方法,knowledge,第9章,第3节,软件工程,北京大学,王立福，孙艳春，刘学
集成测试——冒烟测试,knowledge,第9章,第3节,软件工程,北京大学,王立福，孙艳春，刘学
确认测试的任务和步骤,knowledge,第9章,第3节,软件工程,北京大学,王立福，孙艳春，刘学
系统测试,knowledge,第9章,第3节,软件工程,北京大学,王立福，孙艳春，刘学
测试驱动的开发,knowledge,第9章,第3节,软件工程,北京大学,王立福，孙艳春，刘学
面向对象软件的测试策略,knowledge,第9章,第3节,软件工程,北京大学,王立福，孙艳春，刘学
Web应用的测试策略,knowledge,第9章,第3节,软件工程,北京大学,王立福，孙艳春，刘学
建立程序的控制流程图，对程序进行白盒测试，对模块进行黑盒测试，制定测试计划对软件进行测试(4),knowledge,第9章,第4节,软件工程,北京大学,王立福，孙艳春，刘学
Web应用的测试策略,knowledge,第9章,第4节,软件工程,北京大学,王立福，孙艳春，刘学
界面测试指标,knowledge,第9章,第4节,软件工程,北京大学,王立福，孙艳春，刘学
Web页面测试工具,knowledge,第9章,第4节,软件工程,北京大学,王立福，孙艳春，刘学
软件测试的具体实施过程,knowledge,第9章,第4节,软件工程,北京大学,王立福，孙艳春，刘学
软件测试的具体实施过程——测试准备阶段,knowledge,第9章,第4节,软件工程,北京大学,王立福，孙艳春，刘学
软件测试的具体实施过程——单元测试阶段,knowledge,第9章,第4节,软件工程,北京大学,王立福，孙艳春，刘学
软件测试的具体实施过程——集成测试阶段,knowledge,第9章,第4节,软件工程,北京大学,王立福，孙艳春，刘学
软件测试的具体实施过程——系统测试阶段,knowledge,第9章,第4节,软件工程,北京大学,王立福，孙艳春，刘学
Kernel会议管理系统测试报告实例——报告引言、测试摘要,knowledge,第9章,第4节,软件工程,北京大学,王立福，孙艳春，刘学
Kernel会议管理系统测试报告实例——测试技术、测试类型、单元测试,knowledge,第9章,第4节,软件工程,北京大学,王立福，孙艳春，刘学
Kernel会议管理系统测试报告实例——集成测试、系统测试,knowledge,第9章,第4节,软件工程,北京大学,王立福，孙艳春，刘学
Kernel会议管理系统测试报告实例——单元测试详细过程,knowledge,第9章,第4节,软件工程,北京大学,王立福，孙艳春，刘学
Kernel会议管理系统测试报告实例——集成测试详细过程Kernel会议管理系统测试报告实例——集成测试详细过程Kernel会议管理系统测试报告实例——集成测试详细过程,knowledge,第9章,第4节,软件工程,北京大学,王立福，孙艳春，刘学
Kernel会议管理系统测试报告实例——系统测试详细过程,knowledge,第9章,第4节,软件工程,北京大学,王立福，孙艳春，刘学
软件项目管理、CMM和ISO9000(1),knowledge,第10章,第1节,软件工程,北京大学,王立福，孙艳春，刘学
推荐软件项目管理参考书,knowledge,第10章,第1节,软件工程,北京大学,王立福，孙艳春，刘学
软件项目管理概述（项目定义、特性）,knowledge,第10章,第1节,软件工程,北京大学,王立福，孙艳春，刘学
介绍了项目管理的发展历史（古代）,knowledge,第10章,第1节,软件工程,北京大学,王立福，孙艳春，刘学
介绍了近代项目管理萌芽（美国、俄罗斯）,knowledge,第10章,第1节,软件工程,北京大学,王立福，孙艳春，刘学
介绍20世纪50年代后期美国的载人登月计划）、CPM介绍,knowledge,第10章,第1节,软件工程,北京大学,王立福，孙艳春，刘学
介绍PERT的由来（需求分析、设计编码、测试、安装部署）,knowledge,第10章,第1节,软件工程,北京大学,王立福，孙艳春，刘学
项目管理的传播和现代化（我国CPM为统筹法）、现代项目管理的初步架构的形成,knowledge,第10章,第1节,软件工程,北京大学,王立福，孙艳春，刘学
说明项目管理的发展的重要产物——项目管理协会的成立,knowledge,第10章,第1节,软件工程,北京大学,王立福，孙艳春，刘学
项目管理的发展的重要产物——体系指南（这个知识体系的指导作用），如IPMA、ICB、中国项目管理研究委会PMRC推出的C-PMBOK,knowledge,第10章,第1节,软件工程,北京大学,王立福，孙艳春，刘学
介绍人才认证（如PMI推出的项目管理专业人员认证、IPMA推出的A、B、C、D四级项目管理专业资质认证、剑桥大学的项目管理专业资格证书CDPM认证）,knowledge,第10章,第1节,软件工程,北京大学,王立福，孙艳春，刘学
项目管理的定义,knowledge,第10章,第1节,软件工程,北京大学,王立福，孙艳春，刘学
介绍了项目管理框架和项目管理的九大知识领域、项目干系人,knowledge,第10章,第1节,软件工程,北京大学,王立福，孙艳春，刘学
介绍了项目管理中的四大核心知识领域——范围、时间、成本和质量；介绍四大项目管理辅助知识领域——人力资源管理、风险管理、沟通管理和采购管理,knowledge,第10章,第1节,软件工程,北京大学,王立福，孙艳春，刘学
说明项目整体管理（即集成管理）包括的几个主要过程——项目计划制定、项目计划执行、整体变更控制,knowledge,第10章,第1节,软件工程,北京大学,王立福，孙艳春，刘学
说明项目管理工具和技术：如时间管理工具和技术（WBS即工作分解结构、甘特图、网络图示法等）,knowledge,第10章,第1节,软件工程,北京大学,王立福，孙艳春，刘学
介绍项目管理的要素（项目的范围、进度、成本和质量）,knowledge,第10章,第1节,软件工程,北京大学,王立福，孙艳春，刘学
介绍了项目的生命周期（PMI给出的标准——概念期、开发期、实施期、收尾）,knowledge,第10章,第1节,软件工程,北京大学,王立福，孙艳春，刘学
软件项目管理的定义、项目的全过程和相应的管理内容的对应,knowledge,第10章,第1节,软件工程,北京大学,王立福，孙艳春，刘学
最后总结项目管理知识领域常用项目管理工具和技术,knowledge,第10章,第1节,软件工程,北京大学,王立福，孙艳春，刘学
软件项目管理、CMM和ISO9000(2),knowledge,第10章,第2节,软件工程,北京大学,王立福，孙艳春，刘学
软件质量的三个要素及类比——人员、技术设备、过程,knowledge,第10章,第2节,软件工程,北京大学,王立福，孙艳春，刘学
软件工程大师级人物Watts Humphrey（CMM项目的主要负责人）提出的几个观点——产品和过程关系、过程改进是持续的,knowledge,第10章,第2节,软件工程,北京大学,王立福，孙艳春，刘学
CMM是什么（软件过程能力成熟度模型）、CMM知识结构,knowledge,第10章,第2节,软件工程,北京大学,王立福，孙艳春，刘学
CMM的发展历史，由软件开发中的关键问题——软件开发组织不能很好定义和控制软件过程，催生了CMM,knowledge,第10章,第2节,软件工程,北京大学,王立福，孙艳春，刘学
详细说明CMM是什么——按软件过程的不同成熟度划分了5个等级，它给出了一个规范过程的框架，CMM体现了软件工程和软件管理的优秀实践,knowledge,第10章,第2节,软件工程,北京大学,王立福，孙艳春，刘学
介绍了CMM族——各种基于CMM的模型：SW_CMM、SE-CMM、IPD-CMM、P-CMM,knowledge,第10章,第2节,软件工程,北京大学,王立福，孙艳春，刘学
CMMI的发展,knowledge,第10章,第2节,软件工程,北京大学,王立福，孙艳春，刘学
CMMI1.1集成的目标、基于不同的规则所进行的改进；CMMI-DEV1.2和CMMI-ACQ1.2等相继发布,knowledge,第10章,第2节,软件工程,北京大学,王立福，孙艳春，刘学
简介CMMI的发展历史,knowledge,第10章,第2节,软件工程,北京大学,王立福，孙艳春，刘学
CMM的基本内容——基本思想：支撑软件产品/系统质量 的三大要素；整个是一个过程,knowledge,第10章,第2节,软件工程,北京大学,王立福，孙艳春，刘学
介绍CMM基本概念（过程、过程能力的含义）；组织的软件过程能力，是不同程度的划分指标,knowledge,第10章,第2节,软件工程,北京大学,王立福，孙艳春，刘学
列出低过程能力的基本特征；高过程能力的特征；并举例，来说明个人能力的体现,knowledge,第10章,第2节,软件工程,北京大学,王立福，孙艳春，刘学
举例，具有成熟过程的组织特征（不断迭代、不断优化的过程）,knowledge,第10章,第2节,软件工程,北京大学,王立福，孙艳春，刘学
过程性能的概念——过和性能和过程能力的区别与联系,knowledge,第10章,第2节,软件工程,北京大学,王立福，孙艳春，刘学
过程成熟度——应满足的：可定义、可管理的、可测量的、可控制的、有效的,knowledge,第10章,第2节,软件工程,北京大学,王立福，孙艳春，刘学
过程成熟度指明——软件过程能力的增长潜力、软件过程的丰富多样性、软件过程的一致性,knowledge,第10章,第2节,软件工程,北京大学,王立福，孙艳春，刘学
介绍组织成熟度,knowledge,第10章,第2节,软件工程,北京大学,王立福，孙艳春，刘学
说明能力成熟度等级(5级),knowledge,第10章,第2节,软件工程,北京大学,王立福，孙艳春，刘学
CMM软件过程成熟度框架，以及这个过程告诉你该做什么,knowledge,第10章,第2节,软件工程,北京大学,王立福，孙艳春，刘学
各等级的基本特征（初始级）如组织、项目、过程能力等,knowledge,第10章,第2节,软件工程,北京大学,王立福，孙艳春，刘学
可重复级的主要特征：组织、项目、过程能力,knowledge,第10章,第2节,软件工程,北京大学,王立福，孙艳春，刘学
具备以上过程能力特征的途径——实现关键过程域、过程能力（的和一致的）,knowledge,第10章,第2节,软件工程,北京大学,王立福，孙艳春，刘学
定量管理级（实现了关键过程域）的主要特征：项目、组织、过程能力,knowledge,第10章,第2节,软件工程,北京大学,王立福，孙艳春，刘学
软件项目管理、CMM和ISO9000(3),knowledge,第10章,第3节,软件工程,北京大学,王立福，孙艳春，刘学
关于五个级别的3点说明（第1级—>第2级的提升；第1级组织的成功依赖于人员能力；每一级成功有效实现的基础）,knowledge,第10章,第3节,软件工程,北京大学,王立福，孙艳春，刘学
各等级的关键过程域（共18个）,knowledge,第10章,第3节,软件工程,北京大学,王立福，孙艳春，刘学
成熟度等级的内部结构（CMM的每个等级通过三个层次定义：）关键过程域、公共特征、关键实践；并依次细致解释这几个方面）,knowledge,第10章,第3节,软件工程,北京大学,王立福，孙艳春，刘学
简单介绍公有特征（有关实施的公共特征：执行的活动、对执行的承诺、执行能力、测量和分析、实施验证、）,knowledge,第10章,第3节,软件工程,北京大学,王立福，孙艳春，刘学
说明为什么要将建立过程的制度,knowledge,第10章,第3节,软件工程,北京大学,王立福，孙艳春，刘学
关于等级内部结构的小结（每个等级、每个关键过程域、公共特征、关键实践）,knowledge,第10章,第3节,软件工程,北京大学,王立福，孙艳春，刘学
阐述CMM不涉及的问题（CMM没有强调的、但间接隐含涉及的问题）,knowledge,第10章,第3节,软件工程,北京大学,王立福，孙艳春，刘学
介绍基本思想（1强调过程途径、2理论基础——费根堡姆体系、3使用经验、4受影响的其它模型、5ISO9000质量标准——起源与应用、核心过程）,knowledge,第10章,第3节,软件工程,北京大学,王立福，孙艳春，刘学
互联网概念、互联网计算环境的新型特征、互联网计算的新型应用模式、互联网软件工程观(1),knowledge,第11章,第1节,软件工程,北京大学,王立福，孙艳春，刘学
互联网与信息技术概述,knowledge,第11章,第1节,软件工程,北京大学,王立福，孙艳春，刘学
互联网的演变,knowledge,第11章,第1节,软件工程,北京大学,王立福，孙艳春，刘学
互联网计算的新型应用模式简述,knowledge,第11章,第1节,软件工程,北京大学,王立福，孙艳春，刘学
互联网计算的新型应用模式——云计算,knowledge,第11章,第1节,软件工程,北京大学,王立福，孙艳春，刘学
互联网计算的新型应用模式——软件服务,knowledge,第11章,第1节,软件工程,北京大学,王立福，孙艳春，刘学
互联网计算的新型应用模式——海量数据处理,knowledge,第11章,第1节,软件工程,北京大学,王立福，孙艳春，刘学
互联网计算的新型应用模式——社交网络,knowledge,第11章,第1节,软件工程,北京大学,王立福，孙艳春，刘学
互联网计算的新型应用模式——自然人机交互,knowledge,第11章,第1节,软件工程,北京大学,王立福，孙艳春，刘学
互联网概念、互联网计算环境的新型特征、互联网计算的新型应用模式、互联网软件工程观(2),knowledge,第11章,第2节,软件工程,北京大学,王立福，孙艳春，刘学
互联网计算的新型应用模式——物联网,knowledge,第11章,第2节,软件工程,北京大学,王立福，孙艳春，刘学
互联网计算的新型应用模式——人-机-物融合的新型网络环境,knowledge,第11章,第2节,软件工程,北京大学,王立福，孙艳春，刘学
互联网计算的新型应用模式——互联网计算环境的新型特征,knowledge,第11章,第2节,软件工程,北京大学,王立福，孙艳春，刘学
互联网计算的新型应用模式——互联网环境下信息获取与用户需求,knowledge,第11章,第2节,软件工程,北京大学,王立福，孙艳春，刘学
互联网计算的新型应用模式——面向互联网的软件技术,knowledge,第11章,第2节,软件工程,北京大学,王立福，孙艳春，刘学
软件技术发展脉络,knowledge,第11章,第2节,软件工程,北京大学,王立福，孙艳春，刘学
对互联网软件工程观的一点思考,knowledge,第11章,第2节,软件工程,北京大学,王立福，孙艳春，刘学
基于云+端模式的软件开发与运行技术体系,knowledge,第11章,第2节,软件工程,北京大学,王立福，孙艳春，刘学
软件开发工具与环境(1),knowledge,第12章,第1节,软件工程,北京大学,王立福，孙艳春，刘学
计算机软件开发CASE工具，及相关的分类（工具、工作台、境）,knowledge,第12章,第1节,软件工程,北京大学,王立福，孙艳春，刘学
详细展开程序设计工作台的结构（源程序、程序库、可执行程序等）,knowledge,第12章,第1节,软件工程,北京大学,王立福，孙艳春，刘学
介绍了一个设计和分析工作台（围绕中央信息仓库）,knowledge,第12章,第1节,软件工程,北京大学,王立福，孙艳春，刘学
介绍了一个设计和分析工作台（围绕中央信息仓库）,knowledge,第12章,第1节,软件工程,北京大学,王立福，孙艳春，刘学
软件开发环境的定义 、软件工程环境的定义及特征,knowledge,第12章,第1节,软件工程,北京大学,王立福，孙艳春，刘学
几种工具集成模型（五级模型、APSE模型、一个环境的层次模型）,knowledge,第12章,第1节,软件工程,北京大学,王立福，孙艳春，刘学
大型软件开发环境青鸟系统（主流的开发语言、应用等）及几种开发工具（MyEclipse、 Visual Stdio、Eclipse等）,knowledge,第12章,第1节,软件工程,北京大学,王立福，孙艳春，刘学
软件工程环境（SEE）的讲解，详细介绍了五级模型工具集成、数据集成、表示集成、命令集成、交互集成（实现了用户界面和表示法的一致）、控制集成和过程集成等,knowledge,第12章,第1节,软件工程,北京大学,王立福，孙艳春，刘学
说明APSE模型（美国国防部给出，核心）,knowledge,第12章,第1节,软件工程,北京大学,王立福，孙艳春，刘学
讲解了一个环境的层次模型（把平台服务进一步优化为一系列服务，如窗口服务、框架服务）,knowledge,第12章,第1节,软件工程,北京大学,王立福，孙艳春，刘学
关于工具集成的再划分、PCTE概念、研究进展,knowledge,第12章,第1节,软件工程,北京大学,王立福，孙艳春，刘学
青鸟系统的介绍（设计思想、结构模型的设计）,knowledge,第12章,第1节,软件工程,北京大学,王立福，孙艳春，刘学
从几款主流的开发平台、主流的应用环境去看待目前的软件开 发工具环境（Eclipse/ dreamweaver/ zend studio/Android studio/ Eclipse+ADT等）,knowledge,第12章,第1节,软件工程,北京大学,王立福，孙艳春，刘学
软件开发工具与环境(2),knowledge,第13章,第1节,软件工程,北京大学,王立福，孙艳春，刘学
第一章 软件工程概论回顾,knowledge,第13章,第1节,软件工程,北京大学,王立福，孙艳春，刘学
第二章 软件过程回顾,knowledge,第13章,第1节,软件工程,北京大学,王立福，孙艳春，刘学
第三章 软件需求与软件需求规约回顾,knowledge,第13章,第1节,软件工程,北京大学,王立福，孙艳春，刘学
第四章 结构化分析方法回顾,knowledge,第13章,第1节,软件工程,北京大学,王立福，孙艳春，刘学
第五章 结构化设计、第六章 敏捷软件开发回顾,knowledge,第13章,第1节,软件工程,北京大学,王立福，孙艳春，刘学
第七章 面向对象的方法UML及OOA回,knowledge,第13章,第1节,软件工程,北京大学,王立福，孙艳春，刘学
第七章 面向对象的设计、第八章 面向对象设计、分析和编程回顾,knowledge,第13章,第1节,软件工程,北京大学,王立福，孙艳春，刘学
第九章 软件工程项目管理概述回顾,knowledge,第13章,第1节,软件工程,北京大学,王立福，孙艳春，刘学
第十章 计算辅助软件工程CASE回顾,knowledge,第13章,第1节,软件工程,北京大学,王立福，孙艳春，刘学
软件工程作业讲评(1),knowledge,第14章,第1节,软件工程,北京大学,王立福，孙艳春，刘学
习题：分析增量模型和演化模型之间的区别,knowledge,第14章,第1节,软件工程,北京大学,王立福，孙艳春，刘学
习题：简述原型构造在软件开发中的作用,knowledge,第14章,第1节,软件工程,北京大学,王立福，孙艳春，刘学
习题：简述软件需求的分类，以你熟悉的一个软件项目说明该项目中的各种软件需求,knowledge,第14章,第1节,软件工程,北京大学,王立福，孙艳春，刘学
习题：举例说明结构化方法给出的控制复杂性机制,knowledge,第14章,第1节,软件工程,北京大学,王立福，孙艳春，刘学
习题：软件工程教科书上P85页第8题，并给出该系统的use case图,knowledge,第14章,第1节,软件工程,北京大学,王立福，孙艳春，刘学
第一次作业答题情况总结,knowledge,第14章,第1节,软件工程,北京大学,王立福，孙艳春，刘学
习题：选择一个给出的系统，编写一个简要的系统需求说明,knowledge,第14章,第1节,软件工程,北京大学,王立福，孙艳春，刘学
习题：如何理解模块独立性？用什么指标来衡量模块独立性,knowledge,第14章,第1节,软件工程,北京大学,王立福，孙艳春，刘学
习题：模块独立性与信息隐蔽（反映模块化有效程序的属性）有何联系,knowledge,第14章,第1节,软件工程,北京大学,王立福，孙艳春，刘学
习题：耦合性的概念和软件的可移植性有什么关系，请举例说明你的论据,knowledge,第14章,第1节,软件工程,北京大学,王立福，孙艳春，刘学
习题：模块的内聚性程度与该模块在分层结构中的位置有关系吗？说明你的论据,knowledge,第14章,第1节,软件工程,北京大学,王立福，孙艳春，刘学
习题：P119-2-(1)结构化方法总体设计的任务及目标,knowledge,第14章,第1节,软件工程,北京大学,王立福，孙艳春，刘学
习题：P119-2-(2)机构化方法详细设计的任务及目标,knowledge,第14章,第1节,软件工程,北京大学,王立福，孙艳春，刘学
习题：P119-2-(5)为什么说结构化分析与结构化设计之间存在一条“鸿沟”,knowledge,第14章,第1节,软件工程,北京大学,王立福，孙艳春，刘学
习题：P119-2-(6)依据一个系统的DFD，将其转换为MSD的基本思路,knowledge,第14章,第1节,软件工程,北京大学,王立福，孙艳春，刘学
习题：P119-5把下面的DFD图转换为初始的MSD图,knowledge,第14章,第1节,软件工程,北京大学,王立福，孙艳春，刘学
习题：P119-6把程序流程图装换为PAD，N-S 图和伪码,knowledge,第14章,第1节,软件工程,北京大学,王立福，孙艳春，刘学
习题：P169-1解释术语，并举例说明,knowledge,第14章,第1节,软件工程,北京大学,王立福，孙艳春，刘学
习题：P169-2-(5)描述对象之间的关系所使用的概念,knowledge,第14章,第1节,软件工程,北京大学,王立福，孙艳春，刘学
习题：P169-2-(6)用况之间有哪几种关系,knowledge,第14章,第1节,软件工程,北京大学,王立福，孙艳春，刘学
习题：P169-2-(7)面向对象为什么要从多个侧面建立系统模型,knowledge,第14章,第1节,软件工程,北京大学,王立福，孙艳春，刘学
习题：P169-3-(4)在什么情况下需要建立状态图,knowledge,第14章,第1节,软件工程,北京大学,王立福，孙艳春，刘学
习题：P169-3-(8)面向对象方法与结构化方法在控制信息组织复杂性方面引入的机制,knowledge,第14章,第1节,软件工程,北京大学,王立福，孙艳春，刘学
习题：P169-1-(1)给出教务管理系统的需求陈述，建立该系统的类图，并选取其中一个典型的对象类，给出它的状态图,knowledge,第14章,第1节,软件工程,北京大学,王立福，孙艳春，刘学
上述习题P169-1-(1)存在的问题,knowledge,第14章,第1节,软件工程,北京大学,王立福，孙艳春，刘学
习题：P169-1-(3)考虑使用网络打印机进行打印时出现的各种情况，绘制顺序图,knowledge,第14章,第1节,软件工程,北京大学,王立福，孙艳春，刘学
第三次作业存在的问题,knowledge,第14章,第1节,软件工程,北京大学,王立福，孙艳春，刘学
软件工程作业讲评(2),knowledge,第14章,第2节,软件工程,北京大学,王立福，孙艳春，刘学
习题：语句覆盖、分支覆盖、条件组合覆盖、路径覆盖之间的关系,knowledge,第14章,第2节,软件工程,北京大学,王立福，孙艳春，刘学
习题：单元测试、集成测试、有效性测试之间的区别,knowledge,第14章,第2节,软件工程,北京大学,王立福，孙艳春，刘学
习题：根据给出的程序流程图，设计最少的测试用例，实现分支覆盖,knowledge,第14章,第2节,软件工程,北京大学,王立福，孙艳春，刘学
习题：针对程序伪码，建立程序的测试模型，并实现分支覆盖所需要的测试用例,knowledge,第14章,第2节,软件工程,北京大学,王立福，孙艳春，刘学
控制流程图,knowledge,第14章,第2节,软件工程,北京大学,王立福，孙艳春，刘学
上一习题的解答,knowledge,第14章,第2节,软件工程,北京大学,王立福，孙艳春，刘学
程序流程图与程序的控制流程图区别,knowledge,第14章,第2节,软件工程,北京大学,王立福，孙艳春，刘学
课程实践说明(1),knowledge,第15章,第1节,软件工程,北京大学,王立福，孙艳春，刘学
本次课程安排,knowledge,第15章,第1节,软件工程,北京大学,王立福，孙艳春，刘学
实践目的,knowledge,第15章,第1节,软件工程,北京大学,王立福，孙艳春，刘学
实践指导，发放给每个组一本狄国强、杨小平、杜宾编著《软件工程实验》,knowledge,第15章,第1节,软件工程,北京大学,王立福，孙艳春，刘学
实践分组,knowledge,第15章,第1节,软件工程,北京大学,王立福，孙艳春，刘学
课程实践：课程的要求和额外加分,knowledge,第15章,第1节,软件工程,北京大学,王立福，孙艳春，刘学
课程实践评分：实践小组和个人,knowledge,第15章,第1节,软件工程,北京大学,王立福，孙艳春，刘学
实践安排——第一阶段：项目选题、项目开发计划、需求捕获、结构化需求分析,knowledge,第15章,第1节,软件工程,北京大学,王立福，孙艳春，刘学
实践安排——第二阶段：结构化概要设计和详细设计,knowledge,第15章,第1节,软件工程,北京大学,王立福，孙艳春，刘学
实践安排——第三阶段：面向对象分析与设计,knowledge,第15章,第1节,软件工程,北京大学,王立福，孙艳春，刘学
实践安排——第四阶段：编码，测试，项目总结,knowledge,第15章,第1节,软件工程,北京大学,王立福，孙艳春，刘学
实践安排——所有材料总结提交,knowledge,第15章,第1节,软件工程,北京大学,王立福，孙艳春，刘学
资源支持——文档编写,knowledge,第15章,第1节,软件工程,北京大学,王立福，孙艳春，刘学
资源支持——小组交流,knowledge,第15章,第1节,软件工程,北京大学,王立福，孙艳春，刘学
资源支持——工具软件,knowledge,第15章,第1节,软件工程,北京大学,王立福，孙艳春，刘学
资源支持——工具软件：MS Project及其常用视图，“甘特图”视图、“任务分配状况”视图、“日历”视图、“网络图”视图、“资源工作表”视图、“资源使用状况”视图、“资源图表”视图,knowledge,第15章,第1节,软件工程,北京大学,王立福，孙艳春，刘学
课程实践说明(2),knowledge,第15章,第2节,软件工程,北京大学,王立福，孙艳春，刘学
本节课课程内容（常用技术和工具）和课程目标,knowledge,第15章,第2节,软件工程,北京大学,王立福，孙艳春，刘学
编程语言排行榜,knowledge,第15章,第2节,软件工程,北京大学,王立福，孙艳春，刘学
B/S、VS、C/S,knowledge,第15章,第2节,软件工程,北京大学,王立福，孙艳春，刘学
Web前端：JavaScript语言,knowledge,第15章,第2节,软件工程,北京大学,王立福，孙艳春，刘学
Web前端：JavaScript入门,knowledge,第15章,第2节,软件工程,北京大学,王立福，孙艳春，刘学
Web前端：JavaScript基本数据类型,knowledge,第15章,第2节,软件工程,北京大学,王立福，孙艳春，刘学
Web前端：JavaScript语句,knowledge,第15章,第2节,软件工程,北京大学,王立福，孙艳春，刘学
Web前端：JavaScript函数/类的定义,knowledge,第15章,第2节,软件工程,北京大学,王立福，孙艳春，刘学
Web前端：JavaScript运行时环境,knowledge,第15章,第2节,软件工程,北京大学,王立福，孙艳春，刘学
Web前端：JavaScript DOM,knowledge,第15章,第2节,软件工程,北京大学,王立福，孙艳春，刘学
Web前端：JavaScript事件,knowledge,第15章,第2节,软件工程,北京大学,王立福，孙艳春，刘学
Web前端：JavaScript AJAX,knowledge,第15章,第2节,软件工程,北京大学,王立福，孙艳春，刘学
Web前端：JavaScript资源,knowledge,第15章,第2节,软件工程,北京大学,王立福，孙艳春，刘学
Web前端：HTML5/CSS3介绍,knowledge,第15章,第2节,软件工程,北京大学,王立福，孙艳春，刘学
Web前端：HTML5/CSS3 HTML5游戏,knowledge,第15章,第2节,软件工程,北京大学,王立福，孙艳春，刘学
Web前端：HTML5/CSS3 资源,knowledge,第15章,第2节,软件工程,北京大学,王立福，孙艳春，刘学
Web后端：PHP&MYSQL总体介绍,knowledge,第15章,第2节,软件工程,北京大学,王立福，孙艳春，刘学
Web后端：PHP&MYSQL PHP,knowledge,第15章,第2节,软件工程,北京大学,王立福，孙艳春，刘学
Web后端：PHP&MYSQL MYSQL,knowledge,第15章,第2节,软件工程,北京大学,王立福，孙艳春，刘学
Web后端：PHP&MYSQL PHP安全,knowledge,第15章,第2节,软件工程,北京大学,王立福，孙艳春，刘学
Web后端：PHP&MYSQL资源,knowledge,第15章,第2节,软件工程,北京大学,王立福，孙艳春，刘学
Web后端：SSH:STRUTS+SPRING+HIBERNATE引入介绍,knowledge,第15章,第2节,软件工程,北京大学,王立福，孙艳春，刘学
Web后端：SSH:STRUTS+SPRING+HIBERNATE JSP,knowledge,第15章,第2节,软件工程,北京大学,王立福，孙艳春，刘学
Web后端：SSH:STRUTS+SPRING+HIBERNATE Structs 2,knowledge,第15章,第2节,软件工程,北京大学,王立福，孙艳春，刘学
Web后端：SSH:STRUTS+SPRING+HIBERNATE Hibernate,knowledge,第15章,第2节,软件工程,北京大学,王立福，孙艳春，刘学
Web后端：SSH:STRUTS+SPRING+HIBERNATE Spring,knowledge,第15章,第2节,软件工程,北京大学,王立福，孙艳春，刘学
Pythona简介,knowledge,第15章,第2节,软件工程,北京大学,王立福，孙艳春，刘学
Python应用,knowledge,第15章,第2节,软件工程,北京大学,王立福，孙艳春，刘学
Pythona资源,knowledge,第15章,第2节,软件工程,北京大学,王立福，孙艳春，刘学
前端开发指南,knowledge,第15章,第2节,软件工程,北京大学,王立福，孙艳春，刘学
版本控制GIT,knowledge,第15章,第2节,软件工程,北京大学,王立福，孙艳春，刘学
版本控制SVN,knowledge,第15章,第2节,软件工程,北京大学,王立福，孙艳春，刘学
开发平台ECLIPSE,knowledge,第15章,第2节,软件工程,北京大学,王立福，孙艳春，刘学
开发平台VISUAL STUDIO 2012,knowledge,第15章,第2节,软件工程,北京大学,王立福，孙艳春，刘学
编辑器VIM,knowledge,第15章,第2节,软件工程,北京大学,王立福，孙艳春，刘学
测试JMETER,knowledge,第15章,第2节,软件工程,北京大学,王立福，孙艳春，刘学
测试JUNIT,knowledge,第15章,第2节,软件工程,北京大学,王立福，孙艳春，刘学
建模工具RATIONAL ROSE,knowledge,第15章,第2节,软件工程,北京大学,王立福，孙艳春，刘学
推荐书籍：程序员的“自我修养”,knowledge,第15章,第2节,软件工程,北京大学,王立福，孙艳春，刘学
小组展示(1),knowledge,第16章,第1节,软件工程,北京大学,王立福，孙艳春，刘学
第一组汇报,knowledge,第16章,第1节,软件工程,北京大学,王立福，孙艳春，刘学
第一组老师点评,knowledge,第16章,第1节,软件工程,北京大学,王立福，孙艳春，刘学
第二组汇报,knowledge,第16章,第1节,软件工程,北京大学,王立福，孙艳春，刘学
第二组老师点评,knowledge,第16章,第1节,软件工程,北京大学,王立福，孙艳春，刘学
第四组汇报,knowledge,第16章,第1节,软件工程,北京大学,王立福，孙艳春，刘学
第四组老师点评,knowledge,第16章,第1节,软件工程,北京大学,王立福，孙艳春，刘学
小组展示(2),knowledge,第16章,第2节,软件工程,北京大学,王立福，孙艳春，刘学
第五组汇报,knowledge,第16章,第2节,软件工程,北京大学,王立福，孙艳春，刘学
第五组老师点评,knowledge,第16章,第2节,软件工程,北京大学,王立福，孙艳春，刘学
第六组汇报,knowledge,第16章,第2节,软件工程,北京大学,王立福，孙艳春，刘学
第六组老师点评,knowledge,第16章,第2节,软件工程,北京大学,王立福，孙艳春，刘学
第七组老师点评,knowledge,第16章,第2节,软件工程,北京大学,王立福，孙艳春，刘学
第八组汇报,knowledge,第16章,第2节,软件工程,北京大学,王立福，孙艳春，刘学
第八组老师点评,knowledge,第16章,第2节,软件工程,北京大学,王立福，孙艳春，刘学
第九组汇报,knowledge,第16章,第2节,软件工程,北京大学,王立福，孙艳春，刘学
第九组老师点评,knowledge,第16章,第2节,软件工程,北京大学,王立福，孙艳春，刘学
小组展示(3),knowledge,第16章,第3节,软件工程,北京大学,王立福，孙艳春，刘学
第九组汇报,knowledge,第16章,第3节,软件工程,北京大学,王立福，孙艳春，刘学
第九组老师点评,knowledge,第16章,第3节,软件工程,北京大学,王立福，孙艳春，刘学
第八组汇报,knowledge,第16章,第3节,软件工程,北京大学,王立福，孙艳春，刘学
第八组老师点评,knowledge,第16章,第3节,软件工程,北京大学,王立福，孙艳春，刘学
第七组汇报,knowledge,第16章,第3节,软件工程,北京大学,王立福，孙艳春，刘学
第七组老师点评,knowledge,第16章,第3节,软件工程,北京大学,王立福，孙艳春，刘学
第六组汇报,knowledge,第16章,第3节,软件工程,北京大学,王立福，孙艳春，刘学
第六组老师点评,knowledge,第16章,第3节,软件工程,北京大学,王立福，孙艳春，刘学
小组展示(4),knowledge,第16章,第4节,软件工程,北京大学,王立福，孙艳春，刘学
第五组汇报,knowledge,第16章,第4节,软件工程,北京大学,王立福，孙艳春，刘学
第五组老师点评,knowledge,第16章,第4节,软件工程,北京大学,王立福，孙艳春，刘学
第四组汇报,knowledge,第16章,第4节,软件工程,北京大学,王立福，孙艳春，刘学
第四组老师点评,knowledge,第16章,第4节,软件工程,北京大学,王立福，孙艳春，刘学
第三组汇报,knowledge,第16章,第4节,软件工程,北京大学,王立福，孙艳春，刘学
第三组老师点评,knowledge,第16章,第4节,软件工程,北京大学,王立福，孙艳春，刘学
第二组汇报,knowledge,第16章,第4节,软件工程,北京大学,王立福，孙艳春，刘学
第二组老师点评,knowledge,第16章,第4节,软件工程,北京大学,王立福，孙艳春，刘学
第一组汇报,knowledge,第16章,第4节,软件工程,北京大学,王立福，孙艳春，刘学
第一组老师点评,knowledge,第16章,第4节,软件工程,北京大学,王立福，孙艳春，刘学
小组展示(5),knowledge,第16章,第5节,软件工程,北京大学,王立福，孙艳春，刘学
第一组汇报,knowledge,第16章,第5节,软件工程,北京大学,王立福，孙艳春，刘学
第一组老师点评,knowledge,第16章,第5节,软件工程,北京大学,王立福，孙艳春，刘学
第二组汇报,knowledge,第16章,第5节,软件工程,北京大学,王立福，孙艳春，刘学
第二组老师点评,knowledge,第16章,第5节,软件工程,北京大学,王立福，孙艳春，刘学
第三组老师点评,knowledge,第16章,第5节,软件工程,北京大学,王立福，孙艳春，刘学
第四组汇报,knowledge,第16章,第5节,软件工程,北京大学,王立福，孙艳春，刘学
第四组老师点评,knowledge,第16章,第5节,软件工程,北京大学,王立福，孙艳春，刘学
小组展示(6),knowledge,第16章,第6节,软件工程,北京大学,王立福，孙艳春，刘学
第五组汇报,knowledge,第16章,第6节,软件工程,北京大学,王立福，孙艳春，刘学
第五组老师点评,knowledge,第16章,第6节,软件工程,北京大学,王立福，孙艳春，刘学
第六组汇报,knowledge,第16章,第6节,软件工程,北京大学,王立福，孙艳春，刘学
第六组老师点评,knowledge,第16章,第6节,软件工程,北京大学,王立福，孙艳春，刘学
第七组汇报,knowledge,第16章,第6节,软件工程,北京大学,王立福，孙艳春，刘学
第七组老师点评,knowledge,第16章,第6节,软件工程,北京大学,王立福，孙艳春，刘学
第八组汇报,knowledge,第16章,第6节,软件工程,北京大学,王立福，孙艳春，刘学
第八组老师点评,knowledge,第16章,第6节,软件工程,北京大学,王立福，孙艳春，刘学
第九组汇报,knowledge,第16章,第6节,软件工程,北京大学,王立福，孙艳春，刘学
第九组老师点评,knowledge,第16章,第6节,软件工程,北京大学,王立福，孙艳春，刘学
小组展示(3),knowledge,第16章,第7节,软件工程,北京大学,王立福，孙艳春，刘学
第九组汇报,knowledge,第16章,第7节,软件工程,北京大学,王立福，孙艳春，刘学
第九组老师点评,knowledge,第16章,第7节,软件工程,北京大学,王立福，孙艳春，刘学
第八组汇报,knowledge,第16章,第7节,软件工程,北京大学,王立福，孙艳春，刘学
第八组老师点评,knowledge,第16章,第7节,软件工程,北京大学,王立福，孙艳春，刘学
第七组汇报,knowledge,第16章,第7节,软件工程,北京大学,王立福，孙艳春，刘学
第七组老师点评,knowledge,第16章,第7节,软件工程,北京大学,王立福，孙艳春，刘学
第六组汇报,knowledge,第16章,第7节,软件工程,北京大学,王立福，孙艳春，刘学
第六组老师点评,knowledge,第16章,第7节,软件工程,北京大学,王立福，孙艳春，刘学
小组展示(8),knowledge,第16章,第8节,软件工程,北京大学,王立福，孙艳春，刘学
第五组汇报,knowledge,第16章,第8节,软件工程,北京大学,王立福，孙艳春，刘学
第五组老师点评,knowledge,第16章,第8节,软件工程,北京大学,王立福，孙艳春，刘学
第四组汇报,knowledge,第16章,第8节,软件工程,北京大学,王立福，孙艳春，刘学
第四组老师点评,knowledge,第16章,第8节,软件工程,北京大学,王立福，孙艳春，刘学
第三组汇报,knowledge,第16章,第8节,软件工程,北京大学,王立福，孙艳春，刘学
第三组老师点评,knowledge,第16章,第8节,软件工程,北京大学,王立福，孙艳春，刘学
第二组汇报,knowledge,第16章,第8节,软件工程,北京大学,王立福，孙艳春，刘学
第二组老师点评,knowledge,第16章,第8节,软件工程,北京大学,王立福，孙艳春，刘学
第一组汇报,knowledge,第16章,第8节,软件工程,北京大学,王立福，孙艳春，刘学
第一组老师点评,knowledge,第16章,第8节,软件工程,北京大学,王立福，孙艳春，刘学
软件与软件工程(1),knowledge,第1章,第1节,软件工程,国防科技大学,齐治昌
软件工程课程背景,knowledge,第1章,第1节,软件工程,国防科技大学,齐治昌
第一阶段：软件工程的形成与发展,knowledge,第1章,第1节,软件工程,国防科技大学,齐治昌
第二阶段：结构化的形成与发展——总述,knowledge,第1章,第1节,软件工程,国防科技大学,齐治昌
第三阶段：面向对象的形成与发展——总述,knowledge,第1章,第1节,软件工程,国防科技大学,齐治昌
第四阶段：信息时代的软件工程——总述,knowledge,第1章,第1节,软件工程,国防科技大学,齐治昌
影响软件工程发展的关键要素,knowledge,第1章,第1节,软件工程,国防科技大学,齐治昌
软件的概念、特点,knowledge,第1章,第1节,软件工程,国防科技大学,齐治昌
软件的生存周期、分类、质量,knowledge,第1章,第1节,软件工程,国防科技大学,齐治昌
软件工程定义、知识体,knowledge,第1章,第1节,软件工程,国防科技大学,齐治昌
软件开发方法与8项关键技术,knowledge,第1章,第1节,软件工程,国防科技大学,齐治昌
软件工程五要素,knowledge,第1章,第1节,软件工程,国防科技大学,齐治昌
软件工程的目标和原则,knowledge,第1章,第1节,软件工程,国防科技大学,齐治昌
软件与软件工程(2),knowledge,第1章,第2节,软件工程,国防科技大学,齐治昌
软件过程模型,knowledge,第1章,第2节,软件工程,国防科技大学,齐治昌
瀑布模型,knowledge,第1章,第2节,软件工程,国防科技大学,齐治昌
增量过程模型,knowledge,第1章,第2节,软件工程,国防科技大学,齐治昌
原型建造模型,knowledge,第1章,第2节,软件工程,国防科技大学,齐治昌
螺旋模型,knowledge,第1章,第2节,软件工程,国防科技大学,齐治昌
RUP软件过程,knowledge,第1章,第2节,软件工程,国防科技大学,齐治昌
RUP软件过程框架,knowledge,第1章,第2节,软件工程,国防科技大学,齐治昌
描述RUP的UML语言机制,knowledge,第1章,第2节,软件工程,国防科技大学,齐治昌
UML的用例图、类图、对象图和行为图,knowledge,第1章,第2节,软件工程,国防科技大学,齐治昌
一种视图小结,knowledge,第1章,第2节,软件工程,国防科技大学,齐治昌
RUP的五个阶段，各阶段的软件制品级RUP的九个工作流、本节课小结,knowledge,第1章,第2节,软件工程,国防科技大学,齐治昌
需求工程(1),knowledge,第2章,第1节,软件工程,国防科技大学,齐治昌
案例分析：软件开发过程中的一副图景,knowledge,第2章,第1节,软件工程,国防科技大学,齐治昌
软件需求的定义、功能需求、质量需求、约束性需求,knowledge,第2章,第1节,软件工程,国防科技大学,齐治昌
软件需求的分类,knowledge,第2章,第1节,软件工程,国防科技大学,齐治昌
课堂练习：判断是否属于需求项，并说明是什么类别的需求项,knowledge,第2章,第1节,软件工程,国防科技大学,齐治昌
软件需求的重要性,knowledge,第2章,第1节,软件工程,国防科技大学,齐治昌
软件需求的质量指标及其他质量要求,knowledge,第2章,第1节,软件工程,国防科技大学,齐治昌
课堂练习：发现软件需求描述的缺陷,knowledge,第2章,第1节,软件工程,国防科技大学,齐治昌
课堂练习：改进的软件需求描述,knowledge,第2章,第1节,软件工程,国防科技大学,齐治昌
总结：软件需求的概念及其重要性,knowledge,第2章,第1节,软件工程,国防科技大学,齐治昌
需求工程(2),knowledge,第2章,第2节,软件工程,国防科技大学,齐治昌
自然语言描述软件需求存在的问题,knowledge,第2章,第2节,软件工程,国防科技大学,齐治昌
将文字与图形相结合描述软件需求,knowledge,第2章,第2节,软件工程,国防科技大学,齐治昌
如何描述需求项、非功能需求项、功能需求项,knowledge,第2章,第2节,软件工程,国防科技大学,齐治昌
案例分析：以输入-输出关系描述功能需求项,knowledge,第2章,第2节,软件工程,国防科技大学,齐治昌
输入-输出关系描述方式的缺陷,knowledge,第2章,第2节,软件工程,国防科技大学,齐治昌
引入“用例”以描述功能需求项,knowledge,第2章,第2节,软件工程,国防科技大学,齐治昌
执行者,knowledge,第2章,第2节,软件工程,国防科技大学,齐治昌
案例分析：用例,knowledge,第2章,第2节,软件工程,国防科技大学,齐治昌
两种功能需求描述方式的比较,knowledge,第2章,第2节,软件工程,国防科技大学,齐治昌
总结：软件需求的表示方式,knowledge,第2章,第2节,软件工程,国防科技大学,齐治昌
需求工程(3),knowledge,第2章,第3节,软件工程,国防科技大学,齐治昌
回顾软件需求的表示方式；并案例分析——用例之间的关系； 讲解用例之间的包含关,knowledge,第2章,第3节,软件工程,国防科技大学,齐治昌
案例分析：利用包含关系简化用例描述,knowledge,第2章,第3节,软件工程,国防科技大学,齐治昌
案例分析：用例之间的其他关系,knowledge,第2章,第3节,软件工程,国防科技大学,齐治昌
如何分离异常处理与正常处理逻辑,knowledge,第2章,第3节,软件工程,国防科技大学,齐治昌
案例分析：程序设计中结构化异常处理示例,knowledge,第2章,第3节,软件工程,国防科技大学,齐治昌
两种改进的描述方案——扩展交互动作的描述方法、进一步分离异常处理与正常处理；以及两种方案的对比,knowledge,第2章,第3节,软件工程,国防科技大学,齐治昌
包含于扩展关系的比较，及小结：软件需求的表示方法,knowledge,第2章,第3节,软件工程,国防科技大学,齐治昌
为什么需要描述执行者与用例之间的关系,knowledge,第2章,第3节,软件工程,国防科技大学,齐治昌
执行者与用例之间关系的语义、执行者与用例之间关联边的方向,knowledge,第2章,第3节,软件工程,国防科技大学,齐治昌
采用有向边的特殊情况,knowledge,第2章,第3节,软件工程,国防科技大学,齐治昌
小结：软件需求的表示方法,knowledge,第2章,第3节,软件工程,国防科技大学,齐治昌
执行者之间的继承关系,knowledge,第2章,第3节,软件工程,国防科技大学,齐治昌
总结：软件需求的表示方法,knowledge,第2章,第3节,软件工程,国防科技大学,齐治昌
作业,knowledge,第2章,第3节,软件工程,国防科技大学,齐治昌
需求工程(4),knowledge,第2章,第4节,软件工程,国防科技大学,齐治昌
回顾：获取软件需求的必要性及软件需求的表示方式,knowledge,第2章,第4节,软件工程,国防科技大学,齐治昌
如何获取需求,knowledge,第2章,第4节,软件工程,国防科技大学,齐治昌
推荐的需求获取过程模型,knowledge,第2章,第4节,软件工程,国防科技大学,齐治昌
需求获取过程示例、需求获取的方法,knowledge,第2章,第4节,软件工程,国防科技大学,齐治昌
如何确定执行者,knowledge,第2章,第4节,软件工程,国防科技大学,齐治昌
案例分析：确定执行者及执行者的命名问题,knowledge,第2章,第4节,软件工程,国防科技大学,齐治昌
执行者之间的关系、用例之间的关系,knowledge,第2章,第4节,软件工程,国防科技大学,齐治昌
需求工程(5),knowledge,第2章,第5节,软件工程,国防科技大学,齐治昌
标识用例,knowledge,第2章,第5节,软件工程,国防科技大学,齐治昌
通过需求调查发展用例：用户访谈；用户访谈要领：如何预设问题（1）之问题选择,knowledge,第2章,第5节,软件工程,国防科技大学,齐治昌
开放式、封闭式与半封闭式问题及问题比较,knowledge,第2章,第5节,软件工程,国防科技大学,齐治昌
案例分析：慎设封闭式问题、问题类别的选择,knowledge,第2章,第5节,软件工程,国防科技大学,齐治昌
用户访谈要领：如何预设问题（2）、（3）、（4）、（5）之问题组织、准备、交流技巧,knowledge,第2章,第5节,软件工程,国防科技大学,齐治昌
另一种调查方法：用户调查问卷,knowledge,第2章,第5节,软件工程,国防科技大学,齐治昌
案例分析：MCS的初步需求,knowledge,第2章,第5节,软件工程,国防科技大学,齐治昌
案例分析：MCS的用例图,knowledge,第2章,第5节,软件工程,国防科技大学,齐治昌
需求工程(6),knowledge,第2章,第6节,软件工程,国防科技大学,齐治昌
描述用例、创建用例描述、完整的用例描述,knowledge,第2章,第6节,软件工程,国防科技大学,齐治昌
案例分析：用例描述,knowledge,第2章,第6节,软件工程,国防科技大学,齐治昌
用例的触发条件与前置条件,knowledge,第2章,第6节,软件工程,国防科技大学,齐治昌
案例分析：用例描述,knowledge,第2章,第6节,软件工程,国防科技大学,齐治昌
总结：需求获取方法,knowledge,第2章,第6节,软件工程,国防科技大学,齐治昌
需求分析(1),knowledge,第3章,第1节,软件工程,国防科技大学,齐治昌
提出什么是需求分析、如何获得对软件需求的理解,knowledge,第3章,第1节,软件工程,国防科技大学,齐治昌
如何改进软件需求的质量（通过需求建模）；并提出需求分析的任务,knowledge,第3章,第1节,软件工程,国防科技大学,齐治昌
为何必须分析软件需求、如何展开需求分析、如何展开用例分析,knowledge,第3章,第1节,软件工程,国防科技大学,齐治昌
详细解释“用例中交互动作序列的图形化表示”,knowledge,第3章,第1节,软件工程,国防科技大学,齐治昌
UML顺序图的表示形式（形式1：CmdReceiver—类的典型对象；形式2：cmdReceiver—对象名及其类名）,knowledge,第3章,第1节,软件工程,国防科技大学,齐治昌
UML顺序图示例以及十个顺序图中对象的表示形式，顺序图中消息的语法解释,knowledge,第3章,第1节,软件工程,国防科技大学,齐治昌
如何展开用例分析（用例的图形化表示—UML顺序图、如何将用例表示为顺序图,knowledge,第3章,第1节,软件工程,国防科技大学,齐治昌
需求分析(2),knowledge,第3章,第2节,软件工程,国防科技大学,齐治昌
如何基于用例描述创建顺序图并将该思路表示为顺序图；详细介绍边界类的职责（界面控制、外部接口、环境隔离（为什么隔离—提高可修改性、可移植性））,knowledge,第3章,第2节,软件工程,国防科技大学,齐治昌
详细介绍控制类的职责,knowledge,第3章,第2节,软件工程,国防科技大学,齐治昌
控制类如何完成任务（简单任务-控制类对象独立完成；复杂任务-寻求辅助类、实体类、其他控制类帮助）,knowledge,第3章,第2节,软件工程,国防科技大学,齐治昌
什么是辅助类（辅助控制类完成子任务的类）,knowledge,第3章,第2节,软件工程,国防科技大学,齐治昌
什么是实体类（负责保存目标软件系统中具有持久意义的信息项，并向其他类提供信息访问的操作，如”Path”）,knowledge,第3章,第2节,软件工程,国防科技大学,齐治昌
实体类的特征（内敛,knowledge,第3章,第2节,软件工程,国防科技大学,齐治昌
小结：表示用例的顺序图的样板,knowledge,第3章,第2节,软件工程,国防科技大学,齐治昌
如何展开用例分析（标识分析类->基于样板构造用例的顺序图表示… ），回到月球车控制仿真问题(MCS）,knowledge,第3章,第2节,软件工程,国防科技大学,齐治昌
MCS的用例图之“移动到指定位置”用例图及顺序图表示（共3步）,knowledge,第3章,第2节,软件工程,国防科技大学,齐治昌
MCS的用例图之“允许暂停”用例图及顺序图表示（共2步）,knowledge,第3章,第2节,软件工程,国防科技大学,齐治昌
必须相应地修改“移动至指定位置”,knowledge,第3章,第2节,软件工程,国防科技大学,齐治昌
MCS的用例图（2）——“移动至指定位置（避障）用例”及顺序图表示、以及障碍识别软件如何发现障碍,knowledge,第3章,第2节,软件工程,国防科技大学,齐治昌
再次精比“移动指定位置（顺序图1）”；案例分析小结（共3个）——以上案件诠释的展开,knowledge,第3章,第2节,软件工程,国防科技大学,齐治昌
需求分析(3),knowledge,第3章,第3节,软件工程,国防科技大学,齐治昌
回顾前2节，介绍同一分析类分散在不同的顺序图之中，并提出问题“能否将分布在各顺序图中的类及其职责汇总起来，进行研究和分析？”,knowledge,第3章,第3节,软件工程,国防科技大学,齐治昌
这种全局模型应该如何表示？——职责、关系、两个类对象之间如何传递；UML类图示例；UML类图示例之类的属性,knowledge,第3章,第3节,软件工程,国防科技大学,齐治昌
UML类图示例之类的节点、有向边，以及最重要的类间关系（继承、聚合与关联,knowledge,第3章,第3节,软件工程,国防科技大学,齐治昌
两种聚合关系（共享聚合、组合关系），它们的不同表示符号,knowledge,第3章,第3节,软件工程,国防科技大学,齐治昌
详细介绍关联关系（既非继承，也非聚合）；并说明关联关系的方向,knowledge,第3章,第3节,软件工程,国防科技大学,齐治昌
 聚合与关联的比较（整体与部件、方向）、聚合关系的方向的语义,knowledge,第3章,第3节,软件工程,国防科技大学,齐治昌
UML类图总结(属性、结点、边)，回归原先的问题：如何从顺序图出发，推导出类图,knowledge,第3章,第3节,软件工程,国防科技大学,齐治昌
需求分析(4),knowledge,第3章,第4节,软件工程,国防科技大学,齐治昌
回顾上节如何展开用例分析,knowledge,第3章,第4节,软件工程,国防科技大学,齐治昌
从顺序图推导类图的基本方法人、分析类的职责与消息不必完全一一对应；对比方案1、2两种方案，孰优孰劣；综合多张顺序图，可以分析模型中各模型图间一致性、从全局出发研究,knowledge,第3章,第4节,软件工程,国防科技大学,齐治昌
MCS案例分析——从消息推导分析类的职责（步骤1,knowledge,第3章,第4节,软件工程,国防科技大学,齐治昌
如何处理边界类与外部执行者之间的消息传递、从顺序图推导类图的基本方法（2）——“消息传递通道”、关联、聚合与组合关系；并解释“如何判断关系是聚合还是组合”,knowledge,第3章,第4节,软件工程,国防科技大学,齐治昌
举例说明如何确定关联关系之上的数量对应,knowledge,第3章,第4节,软件工程,国防科技大学,齐治昌
MSC案例分析——从消息推导分析类间的关系（步骤1、2、3）,knowledge,第3章,第4节,软件工程,国防科技大学,齐治昌
MSC安全分析——目前获得的分析类图（提出仍存在的待解问题）；从消息推导分析类间关系：复用现存的“路径”,knowledge,第3章,第4节,软件工程,国防科技大学,齐治昌
小结：从顺序图推导类图的基本方法（2）；并提出如何精化分析类图，指出另一种可能的精化方案,knowledge,第3章,第4节,软件工程,国防科技大学,齐治昌
如果两个分析类具有相似的职责，或者两项职责具有公共的子职责，该如何做；利用继承关系提取公共职责,knowledge,第3章,第4节,软件工程,国防科技大学,齐治昌
总结：从顺序图推导类图的基本方法；总结如何展开用例分析；总结如何展开需求分析,knowledge,第3章,第4节,软件工程,国防科技大学,齐治昌
需求分析(5),knowledge,第3章,第5节,软件工程,国防科技大学,齐治昌
回顾如何展开用例分析，再次回顾MCS问题，提出MCS的用例模型,knowledge,第3章,第5节,软件工程,国防科技大学,齐治昌
目前已获得的成果（移动至指定位置、移动至指定位置（避障））,knowledge,第3章,第5节,软件工程,国防科技大学,齐治昌
详细介绍Cls-01,knowledge,第3章,第5节,软件工程,国防科技大学,齐治昌
案例分析：MCS需求分析（步骤1：基于Seq-02和Seq-03继续构建Cls-01）,knowledge,第3章,第5节,软件工程,国防科技大学,齐治昌
步骤2：基于“执行控制脚本”用例描述创建顺序图，进一步构建Cls-01；给出“执行控制脚本”用例的描述——基本动作序列\扩展动作序列；创建“执行控制脚本”用例顺序图Seq-04,knowledge,第3章,第5节,软件工程,国防科技大学,齐治昌
创建“移动并照相”用例的顺序图Seq-05、创建“移动并采样”用例的顺序图Seq-06、“执行控制脚本”用例的描述——扩展动作序列，创建“执行控制脚本”用例的顺序 图 Seq-07,knowledge,第3章,第5节,软件工程,国防科技大学,齐治昌
基于Seq-04构建Cls-01; 基于Seq-05构建Cls-01；基于Seq-06构建Cls-01;Seq-07构建Cls-01,knowledge,第3章,第5节,软件工程,国防科技大学,齐治昌
基于Seq-04~07构建Cls-01：成果，得到类图,knowledge,第3章,第5节,软件工程,国防科技大学,齐治昌
总结：MCS需求分析,knowledge,第3章,第5节,软件工程,国防科技大学,齐治昌
需求分析(6),knowledge,第3章,第6节,软件工程,国防科技大学,齐治昌
概括步骤3：基于“创建漫游环境”、“观察漫游过程”用例描述创建顺序图，继续构建类图,knowledge,第3章,第6节,软件工程,国防科技大学,齐治昌
"创建“创建漫游环境”用例的顺序图（第1步,Seq-08）,并基于Seq-08构建Cls-02",knowledge,第3章,第6节,软件工程,国防科技大学,齐治昌
创建“创建漫游环境”用例的顺序图（第2步，Seq-09），并继续前进，“观察漫游过程”用例的描述（用例名、执行者，基本动作序列）,knowledge,第3章,第6节,软件工程,国防科技大学,齐治昌
创建“观察漫游过程”用例的顺序图（第1步，Seq-10）；第2步，思考：给边界类“PanoramaCamera”赋予“getNextRoveImage”的职责合理吗?基于思考，改造Seq-10(引入实体类“RoveImageWarehouse”后，相应地修改Seq-10以确保一致性),knowledge,第3章,第6节,软件工程,国防科技大学,齐治昌
再次审视“漫游过程”用例的顺序图（第3步，Seq-10）,knowledge,第3章,第6节,软件工程,国防科技大学,齐治昌
总结，需要分析的箴言（不断精化、基于理解和质疑反思其合理正确性；在需求建模过程中不断比对，发现漏洞并纠正不一致性）,knowledge,第3章,第6节,软件工程,国防科技大学,齐治昌
基于Seq-10构建Cls-02,knowledge,第3章,第6节,软件工程,国防科技大学,齐治昌
"合并“创建漫游环境”和“观察漫游过程”用例的顺序图导出的类图（Cls-02）；合并Cls-01与Cls-02,得出MCS系统全局的类图",knowledge,第3章,第6节,软件工程,国防科技大学,齐治昌
针对大型软件问题，如何创建、呈现、阅读类图,knowledge,第3章,第6节,软件工程,国防科技大学,齐治昌
软件实现、完美编程的观念、完美编程的规则与编程实践、发现软件实现代码中的缺陷、以高质量的程序代码实现软件设计模型,knowledge,第5章,第1节,软件工程,国防科技大学,齐治昌
软件实现的概念,knowledge,第5章,第1节,软件工程,国防科技大学,齐治昌
完美编程的观念——观念（1）：破除思维定式，不断学习、不断改进,knowledge,第5章,第1节,软件工程,国防科技大学,齐治昌
完美编程的观念——观念（1）：破除思维定式，不断学习、不断改进,knowledge,第5章,第1节,软件工程,国防科技大学,齐治昌
完美编程的观念——观念（3）：优秀程序员的基本素质,knowledge,第5章,第1节,软件工程,国防科技大学,齐治昌
完美编程的观念——观念（4）：程序文本中的所有字符对软件质量都有影响，不可懈怠,knowledge,第5章,第1节,软件工程,国防科技大学,齐治昌
完美编程的观念——观念（5）：异常处理代码的重要性并不逊于正常处理的逻辑,knowledge,第5章,第1节,软件工程,国防科技大学,齐治昌
完美编程的观念——观念（6）：程序简单性,knowledge,第5章,第1节,软件工程,国防科技大学,齐治昌
完美编程的观念——观念（7）：尽可能追求程序的时空效率,knowledge,第5章,第1节,软件工程,国防科技大学,齐治昌
完美编程的观念——观念（8）：面向对象的程序设计思维,knowledge,第5章,第1节,软件工程,国防科技大学,齐治昌
完美编程的观念——观念（9）：仅熟悉语言并不能完成高质量的程序设计,knowledge,第5章,第1节,软件工程,国防科技大学,齐治昌
软件实现、完美编程的观念、完美编程的规则与编程实践、发现软件实现代码中的缺陷、以高质量的程序代码实现软件设计模型(1),knowledge,第5章,第2节,软件工程,国防科技大学,齐治昌
样例程序分析、对样例程序进行初步改造,knowledge,第5章,第2节,软件工程,国防科技大学,齐治昌
高质量程序代码的特征,knowledge,第5章,第2节,软件工程,国防科技大学,齐治昌
简单易行的编程规则,knowledge,第5章,第2节,软件工程,国防科技大学,齐治昌
关于程序注解的规则、文件头注解、方法头注解的主要内容,knowledge,第5章,第2节,软件工程,国防科技大学,齐治昌
语句块注解示例、变量声明注解,knowledge,第5章,第2节,软件工程,国防科技大学,齐治昌
命名规则——文件命名与类命名规则、变量命名规则、常数命名规则,knowledge,第5章,第2节,软件工程,国防科技大学,齐治昌
软件实现、完美编程的观念、完美编程的规则与编程实践、发现软件实现代码中的缺陷、以高质量的程序代码实现软件设计模型(2),knowledge,第5章,第3节,软件工程,国防科技大学,齐治昌
关于构造与析构方法的规则,knowledge,第5章,第3节,软件工程,国防科技大学,齐治昌
关于public方法的规则,knowledge,第5章,第3节,软件工程,国防科技大学,齐治昌
关于结构化异常处理,knowledge,第5章,第3节,软件工程,国防科技大学,齐治昌
资源分配与释放的对称原则,knowledge,第5章,第3节,软件工程,国防科技大学,齐治昌
关于报错机制的规则,knowledge,第5章,第3节,软件工程,国防科技大学,齐治昌
有助于扩充性、修改性的简单规则,knowledge,第5章,第3节,软件工程,国防科技大学,齐治昌
尽量缩小软件元素的作用范围,knowledge,第5章,第3节,软件工程,国防科技大学,齐治昌
软件测试(1),knowledge,第6章,第1节,软件工程,国防科技大学,齐治昌
课程内容概要,knowledge,第6章,第1节,软件工程,国防科技大学,齐治昌
软件质量造成的软件危机,knowledge,第6章,第1节,软件工程,国防科技大学,齐治昌
软件测试的需求背景,knowledge,第6章,第1节,软件工程,国防科技大学,齐治昌
软件测试的定义与准备工作,knowledge,第6章,第1节,软件工程,国防科技大学,齐治昌
测试用例,knowledge,第6章,第1节,软件工程,国防科技大学,齐治昌
软件测试的流程,knowledge,第6章,第1节,软件工程,国防科技大学,齐治昌
软件测试(2),knowledge,第6章,第2节,软件工程,国防科技大学,齐治昌
测试追求的目标,knowledge,第6章,第2节,软件工程,国防科技大学,齐治昌
软件测试方法,knowledge,第6章,第2节,软件工程,国防科技大学,齐治昌
黑盒测试的原理,knowledge,第6章,第2节,软件工程,国防科技大学,齐治昌
如何为黑盒测试设计用例,knowledge,第6章,第2节,软件工程,国防科技大学,齐治昌
黑盒测试方法——等价分类法,knowledge,第6章,第2节,软件工程,国防科技大学,齐治昌
案例：课程注册功能的测试用例,knowledge,第6章,第2节,软件工程,国防科技大学,齐治昌
黑盒测试方法——边界值分析法,knowledge,第6章,第2节,软件工程,国防科技大学,齐治昌
白盒测试的原理,knowledge,第6章,第2节,软件工程,国防科技大学,齐治昌
如何为白盒测试设计用例（上）,knowledge,第6章,第2节,软件工程,国防科技大学,齐治昌
软件测试(3),knowledge,第6章,第3节,软件工程,国防科技大学,齐治昌
如何为白盒测试设计用例（下）,knowledge,第6章,第3节,软件工程,国防科技大学,齐治昌
软件非功能性测试的重要性,knowledge,第6章,第3节,软件工程,国防科技大学,齐治昌
软件非功能性测试的内容（上）,knowledge,第6章,第3节,软件工程,国防科技大学,齐治昌
软件非功能性测试的内容（中）,knowledge,第6章,第3节,软件工程,国防科技大学,齐治昌
软件非功能性测试的内容（下）,knowledge,第6章,第3节,软件工程,国防科技大学,齐治昌
软件过程的V模型（上）,knowledge,第6章,第3节,软件工程,国防科技大学,齐治昌
软件测试(4),knowledge,第6章,第4节,软件工程,国防科技大学,齐治昌
软件过程的V模型（下）,knowledge,第6章,第4节,软件工程,国防科技大学,齐治昌
面向对象软件测试,knowledge,第6章,第4节,软件工程,国防科技大学,齐治昌
软件调试,knowledge,第6章,第4节,软件工程,国防科技大学,齐治昌
软件测试管理（上）,knowledge,第6章,第4节,软件工程,国防科技大学,齐治昌
软件测试管理（下）,knowledge,第6章,第4节,软件工程,国防科技大学,齐治昌
小结,knowledge,第6章,第4节,软件工程,国防科技大学,齐治昌
软件维护,knowledge,第7章,第1节,软件工程,国防科技大学,齐治昌
课程内容概要,knowledge,第7章,第1节,软件工程,国防科技大学,齐治昌
软件维护的概念和分类,knowledge,第7章,第1节,软件工程,国防科技大学,齐治昌
软件维护的过程和活动（上）,knowledge,第7章,第1节,软件工程,国防科技大学,齐治昌
软件维护的过程和活动（下）,knowledge,第7章,第1节,软件工程,国防科技大学,齐治昌
软件的可维护性以及维护的副作用,knowledge,第7章,第1节,软件工程,国防科技大学,齐治昌
逆向工程和软件重构,knowledge,第7章,第1节,软件工程,国防科技大学,齐治昌
小结,knowledge,第7章,第1节,软件工程,国防科技大学,齐治昌
软件项目管理,knowledge,第8章,第1节,软件工程,国防科技大学,齐治昌
项目案例——MCS案例（项目要求等）,knowledge,第8章,第1节,软件工程,国防科技大学,齐治昌
如何着手开展工作、能否及如何保证规定约束内完工、如何保证质量、不会失控等,knowledge,第8章,第1节,软件工程,国防科技大学,齐治昌
何为项目（定义项目并示例），列出项目的特点、项目成功的制约因素、软件项目的特点、示例、任务和实施的方法，以及及所涉及的对象,knowledge,第8章,第1节,软件工程,国防科技大学,齐治昌
管理在项目工程化中的重要性、项目管理的内容，以及过程管理,knowledge,第8章,第1节,软件工程,国防科技大学,齐治昌
软件过程定义，软件过程定义示例-MCS项目,knowledge,第8章,第1节,软件工程,国防科技大学,齐治昌
 软件度量（过程、产品、资源的属性的定量描述），软件度量示例-MCS项目,knowledge,第8章,第1节,软件工程,国防科技大学,齐治昌
软件项目计划示例-MCS项目；软件项目跟踪示例-MCS项目,knowledge,第8章,第1节,软件工程,国防科技大学,齐治昌
风险管理示例-MCS项目,knowledge,第8章,第1节,软件工程,国防科技大学,齐治昌
软件开发团队示例-MCS项目；纪律和激励机制示例-MCS项目,knowledge,第8章,第1节,软件工程,国防科技大学,齐治昌
软件需求管理示例-MCS项目、质量保证示例-MCS项目、软件配置管理示例-MCS项目,knowledge,第8章,第1节,软件工程,国防科技大学,齐治昌
本讲小节（软件项目的实施需要有效管理，并提出3个思考题）,knowledge,第8章,第1节,软件工程,国防科技大学,齐治昌
软件工程概述及相关模型（1）,knowledge,第1章,第1节,软件工程,浙江大学,陈越
教学资源说明,knowledge,第1章,第1节,软件工程,浙江大学,陈越
课程学习介绍,knowledge,第1章,第1节,软件工程,浙江大学,陈越
参考书介绍及课程打分规则,knowledge,第1章,第1节,软件工程,浙江大学,陈越
课程大作业说明,knowledge,第1章,第1节,软件工程,浙江大学,陈越
软件工程概述及相关模型（2）,knowledge,第1章,第2节,软件工程,浙江大学,陈越
软件工程的发展历史,knowledge,第1章,第2节,软件工程,浙江大学,陈越
软件危机的诞生,knowledge,第1章,第2节,软件工程,浙江大学,陈越
软件工程发展现状及存在问题,knowledge,第1章,第2节,软件工程,浙江大学,陈越
案例——软件开发的时间问题,knowledge,第1章,第2节,软件工程,浙江大学,陈越
案例——软件开发需求变动问题,knowledge,第1章,第2节,软件工程,浙江大学,陈越
案例——软件开发需求改进问题,knowledge,第1章,第2节,软件工程,浙江大学,陈越
软件的定义,knowledge,第1章,第2节,软件工程,浙江大学,陈越
软件工程面临的挑战,knowledge,第1章,第2节,软件工程,浙江大学,陈越
软件工程概述及相关模型(3),knowledge,第1章,第3节,软件工程,浙江大学,陈越
软件工程是一种层次化技术,knowledge,第1章,第3节,软件工程,浙江大学,陈越
过程框架的基本内容,knowledge,第1章,第3节,软件工程,浙江大学,陈越
建立过程框架的步骤,knowledge,第1章,第3节,软件工程,浙江大学,陈越
能力成熟度集成模型（CMMI）,knowledge,第1章,第3节,软件工程,浙江大学,陈越
过程模式,knowledge,第1章,第3节,软件工程,浙江大学,陈越
过程评估,knowledge,第1章,第3节,软件工程,浙江大学,陈越
个人管理模型简介,knowledge,第1章,第3节,软件工程,浙江大学,陈越
软件工程概述及相关模型(4),knowledge,第1章,第4节,软件工程,浙江大学,陈越
惯例过程模型,knowledge,第1章,第4节,软件工程,浙江大学,陈越
瀑布模型,knowledge,第1章,第4节,软件工程,浙江大学,陈越
增量模型,knowledge,第1章,第4节,软件工程,浙江大学,陈越
演化过程模型,knowledge,第1章,第4节,软件工程,浙江大学,陈越
统一过程,knowledge,第1章,第4节,软件工程,浙江大学,陈越
软件工程概述及相关模型(5),knowledge,第1章,第5节,软件工程,浙江大学,陈越
个人管理模型,knowledge,第1章,第5节,软件工程,浙江大学,陈越
团队管理模型,knowledge,第1章,第5节,软件工程,浙江大学,陈越
惯例过程模型,knowledge,第1章,第5节,软件工程,浙江大学,陈越
瀑布模型,knowledge,第1章,第5节,软件工程,浙江大学,陈越
增量模型,knowledge,第1章,第5节,软件工程,浙江大学,陈越
RAD模型,knowledge,第1章,第5节,软件工程,浙江大学,陈越
演化过程模型,knowledge,第1章,第5节,软件工程,浙江大学,陈越
螺旋模型,knowledge,第1章,第5节,软件工程,浙江大学,陈越
并行开发模型,knowledge,第1章,第5节,软件工程,浙江大学,陈越
其他演化过程模型,knowledge,第1章,第5节,软件工程,浙江大学,陈越
统一过程模型,knowledge,第1章,第5节,软件工程,浙江大学,陈越
软件需求工程(1),knowledge,第2章,第1节,软件工程,浙江大学,陈越
实践的本质,knowledge,第2章,第1节,软件工程,浙江大学,陈越
核心原则,knowledge,第2章,第1节,软件工程,浙江大学,陈越
软件工程实践,knowledge,第2章,第1节,软件工程,浙江大学,陈越
系统工程的层次,knowledge,第2章,第1节,软件工程,浙江大学,陈越
业务流程工程,knowledge,第2章,第1节,软件工程,浙江大学,陈越
产品工程,knowledge,第2章,第1节,软件工程,浙江大学,陈越
系统模板,knowledge,第2章,第1节,软件工程,浙江大学,陈越
UML简介,knowledge,第2章,第1节,软件工程,浙江大学,陈越
软件需求工程(2),knowledge,第2章,第2节,软件工程,浙江大学,陈越
需求工程的重要性,knowledge,第2章,第2节,软件工程,浙江大学,陈越
需求获取的常见问题,knowledge,第2章,第2节,软件工程,浙江大学,陈越
需求工程的主要内容,knowledge,第2章,第2节,软件工程,浙江大学,陈越
需求工程的起始任务,knowledge,第2章,第2节,软件工程,浙江大学,陈越
需求工程的导出需求过程,knowledge,第2章,第2节,软件工程,浙江大学,陈越
软件需求工程(3),knowledge,第2章,第3节,软件工程,浙江大学,陈越
导出需求需要展开会议,knowledge,第2章,第3节,软件工程,浙江大学,陈越
质量功能展开,knowledge,第2章,第3节,软件工程,浙江大学,陈越
用户脚本及引导产品,knowledge,第2章,第3节,软件工程,浙江大学,陈越
需求工程的开发用例,knowledge,第2章,第3节,软件工程,浙江大学,陈越
建立分析模型,knowledge,第2章,第3节,软件工程,浙江大学,陈越
谈判要求及谈判的艺术,knowledge,第2章,第3节,软件工程,浙江大学,陈越
下节课内容概述,knowledge,第2章,第3节,软件工程,浙江大学,陈越
软件需求工程(4),knowledge,第2章,第4节,软件工程,浙江大学,陈越
需求分析的内容、注意事项等,knowledge,第2章,第4节,软件工程,浙江大学,陈越
分析建模方法,knowledge,第2章,第4节,软件工程,浙江大学,陈越
数据模型与设计模型的区别,knowledge,第2章,第4节,软件工程,浙江大学,陈越
数据建模概念,knowledge,第2章,第4节,软件工程,浙江大学,陈越
面向对象分析（上）,knowledge,第2章,第4节,软件工程,浙江大学,陈越
案例：面向对象分析,knowledge,第2章,第4节,软件工程,浙江大学,陈越
课堂讨论：封装的好处,knowledge,第2章,第4节,软件工程,浙江大学,陈越
软件需求工程(5),knowledge,第2章,第5节,软件工程,浙江大学,陈越
面向对象分析（下）,knowledge,第2章,第5节,软件工程,浙江大学,陈越
基于场景的建模,knowledge,第2章,第5节,软件工程,浙江大学,陈越
案例：家居保安系统,knowledge,第2章,第5节,软件工程,浙江大学,陈越
基于流线的建模（上）,knowledge,第2章,第5节,软件工程,浙江大学,陈越
课堂讨论：数据流图,knowledge,第2章,第5节,软件工程,浙江大学,陈越
习题讲解与说明,knowledge,第2章,第5节,软件工程,浙江大学,陈越
基于流线的建模（下）,knowledge,第2章,第5节,软件工程,浙江大学,陈越
基于类的建模,knowledge,第2章,第5节,软件工程,浙江大学,陈越
建立行为模型,knowledge,第2章,第5节,软件工程,浙江大学,陈越
软件设计(1),knowledge,第3章,第1节,软件工程,浙江大学,陈越
软件工程上下文设计,knowledge,第3章,第1节,软件工程,浙江大学,陈越
设计过程和设计质量（上）,knowledge,第3章,第1节,软件工程,浙江大学,陈越
设计过程和设计质量（下）,knowledge,第3章,第1节,软件工程,浙江大学,陈越
框架、模式及模块化的概念,knowledge,第3章,第1节,软件工程,浙江大学,陈越
信息隐藏及功能独立的概念,knowledge,第3章,第1节,软件工程,浙江大学,陈越
尺寸模块、重构的概念及类的设计,knowledge,第3章,第1节,软件工程,浙江大学,陈越
设计模型,knowledge,第3章,第1节,软件工程,浙江大学,陈越
基于模式的软件设计,knowledge,第3章,第1节,软件工程,浙江大学,陈越
软件设计(2),knowledge,第3章,第2节,软件工程,浙江大学,陈越
软件架构的概念及重要性,knowledge,第3章,第2节,软件工程,浙江大学,陈越
数据设计,knowledge,第3章,第2节,软件工程,浙江大学,陈越
系统风格与模式（上）,knowledge,第3章,第2节,软件工程,浙江大学,陈越
课堂讨论,knowledge,第3章,第2节,软件工程,浙江大学,陈越
系统风格与模式（下）,knowledge,第3章,第2节,软件工程,浙江大学,陈越
系统设计（上）,knowledge,第3章,第2节,软件工程,浙江大学,陈越
软件设计(3),knowledge,第3章,第3节,软件工程,浙江大学,陈越
课前说明,knowledge,第3章,第3节,软件工程,浙江大学,陈越
第一组汇报,knowledge,第3章,第3节,软件工程,浙江大学,陈越
系统与接口设计,knowledge,第3章,第3节,软件工程,浙江大学,陈越
界面设计,knowledge,第3章,第3节,软件工程,浙江大学,陈越
数据库设计,knowledge,第3章,第3节,软件工程,浙江大学,陈越
出错处理设计,knowledge,第3章,第3节,软件工程,浙江大学,陈越
老师点评,knowledge,第3章,第3节,软件工程,浙江大学,陈越
软件设计(4),knowledge,第3章,第4节,软件工程,浙江大学,陈越
系统设计（下）,knowledge,第3章,第4节,软件工程,浙江大学,陈越
系统设计评估,knowledge,第3章,第4节,软件工程,浙江大学,陈越
将数据流映射到软件体系结构中,knowledge,第3章,第4节,软件工程,浙江大学,陈越
课堂作业：系统设计,knowledge,第3章,第4节,软件工程,浙江大学,陈越
软件设计(5),knowledge,第3章,第5节,软件工程,浙江大学,陈越
组件的概念,knowledge,第3章,第5节,软件工程,浙江大学,陈越
基于类的组件设计原则,knowledge,第3章,第5节,软件工程,浙江大学,陈越
设计步骤与工具UML,knowledge,第3章,第5节,软件工程,浙江大学,陈越
传统详细设计,knowledge,第3章,第5节,软件工程,浙江大学,陈越
软件设计(6),knowledge,第3章,第6节,软件工程,浙江大学,陈越
界面设计的三条原则,knowledge,第3章,第6节,软件工程,浙江大学,陈越
第一条原则,knowledge,第3章,第6节,软件工程,浙江大学,陈越
第二条原则,knowledge,第3章,第6节,软件工程,浙江大学,陈越
第三条原则,knowledge,第3章,第6节,软件工程,浙江大学,陈越
（此段视频存在问题）,knowledge,第3章,第6节,软件工程,浙江大学,陈越
作业说明,knowledge,第3章,第6节,软件工程,浙江大学,陈越
软件测试(1),knowledge,第4章,第1节,软件工程,浙江大学,陈越
测试不完美的案例,knowledge,第4章,第1节,软件工程,浙江大学,陈越
测试的目的与内容,knowledge,第4章,第1节,软件工程,浙江大学,陈越
测试（verification）与确认（validation）之间的区别,knowledge,第4章,第1节,软件工程,浙江大学,陈越
测试的组成,knowledge,第4章,第1节,软件工程,浙江大学,陈越
传统软件系统测试及面向对象系统测试,knowledge,第4章,第1节,软件工程,浙江大学,陈越
策略问题（上）,knowledge,第4章,第1节,软件工程,浙江大学,陈越
软件测试(2),knowledge,第4章,第2节,软件工程,浙江大学,陈越
策略问题（下）,knowledge,第4章,第2节,软件工程,浙江大学,陈越
传统软件系统的单元测试,knowledge,第4章,第2节,软件工程,浙江大学,陈越
传统软件系统的集成测试及其改进,knowledge,第4章,第2节,软件工程,浙江大学,陈越
回归测试及冒烟测试,knowledge,第4章,第2节,软件工程,浙江大学,陈越
传统软件测试标准,knowledge,第4章,第2节,软件工程,浙江大学,陈越
面向对象系统的单元测试,knowledge,第4章,第2节,软件工程,浙江大学,陈越
验证测试、恢复测试、安全测试及压力测试,knowledge,第4章,第2节,软件工程,浙江大学,陈越
调试,knowledge,第4章,第2节,软件工程,浙江大学,陈越
软件测试(3),knowledge,第4章,第3节,软件工程,浙江大学,陈越
课前说明,knowledge,第4章,第3节,软件工程,浙江大学,陈越
什么是好的测试,knowledge,第4章,第3节,软件工程,浙江大学,陈越
测试设计原则及软件的可测试性,knowledge,第4章,第3节,软件工程,浙江大学,陈越
白盒测试,knowledge,第4章,第3节,软件工程,浙江大学,陈越
路径测试,knowledge,第4章,第3节,软件工程,浙江大学,陈越
控制结构测试,knowledge,第4章,第3节,软件工程,浙江大学,陈越
软件测试(4),knowledge,第4章,第4节,软件工程,浙江大学,陈越
条件测试,knowledge,第4章,第4节,软件工程,浙江大学,陈越
数据流测试,knowledge,第4章,第4节,软件工程,浙江大学,陈越
循环测试,knowledge,第4章,第4节,软件工程,浙江大学,陈越
黑盒测试,knowledge,第4章,第4节,软件工程,浙江大学,陈越
面向对象测试方法,knowledge,第4章,第4节,软件工程,浙江大学,陈越
分类测试,knowledge,第4章,第4节,软件工程,浙江大学,陈越
内部类测试用例设计,knowledge,第4章,第4节,软件工程,浙江大学,陈越
结语,knowledge,第4章,第4节,软件工程,浙江大学,陈越
课堂讨论,knowledge,第4章,第4节,软件工程,浙江大学,陈越
web项目管理、web需求分析、web应用软件设计、web应用软件测试(1),knowledge,第5章,第1节,软件工程,浙江大学,陈越
 web App与普通App所区分的特点，并举例说明,knowledge,第5章,第1节,软件工程,浙江大学,陈越
web App的分类，并以支付宝为例说明它属于哪一分类；以及自己负责的模块是否具有web App性能；介绍市面上流行的网站界面属于哪种类型，并给理由说明,knowledge,第5章,第1节,软件工程,浙江大学,陈越
学生讨论,knowledge,第5章,第1节,软件工程,浙江大学,陈越
 webApp底层的几个层次介绍,knowledge,第5章,第1节,软件工程,浙江大学,陈越
介绍WebE Process Model，给出Process Model的示意图；WebE Process Model的8个基本问题（多重要、布局、展示方式、几步操作、面向用户群、复杂度、帐户注册、是否无障碍访问等）,knowledge,第5章,第1节,软件工程,浙江大学,陈越
列举出最佳实践有哪些（先确定大方向再细节；做一套套用例；轻量级的plan；动手前先做模型）,knowledge,第5章,第1节,软件工程,浙江大学,陈越
举例ZOJ系统，online judge等来说明项目后期维护的持续性，说明model存在的必要性,knowledge,第5章,第1节,软件工程,浙江大学,陈越
说明一致性检查的重要性、能否快速重用、上线之前充分的测试,knowledge,第5章,第1节,软件工程,浙江大学,陈越
web项目管理、web需求分析、web应用软件设计、web应用软件测试(2),knowledge,第5章,第2节,软件工程,浙江大学,陈越
webApp运行时需要 考虑的事情，并由学生讨论,knowledge,第5章,第2节,软件工程,浙江大学,陈越
为什么要做这个网站、这个网站的作用，通过用户对上述问题的回答，抽取出两大类信息（信息目标——内容数据等、功能目标）,knowledge,第5章,第2节,软件工程,浙江大学,陈越
采集需求（描述用户的类型、网站的类型、需求的风格、使用的场合等），然后沟通,knowledge,第5章,第2节,软件工程,浙江大学,陈越
举例说，做一个网站，是否有人感兴趣（事先采集数据如问卷、用法、分析数据、操作和完成的功能、用例定义),knowledge,第5章,第2节,软件工程,浙江大学,陈越
"做规划即Project Planning，并给出了一个关于传统、小型、大型的3种项目特点对照表,并举例说明",knowledge,第5章,第2节,软件工程,浙江大学,陈越
提问学生整个项目进行组队需要什么人及角色； 介绍WebE 队伍成员，以做选课网站为例，说明这些角色对应的职位,knowledge,第5章,第2节,软件工程,浙江大学,陈越
开发策略（外包、内包），并介绍外包，举例说明外包过程、怎样避免一些问题,knowledge,第5章,第2节,软件工程,浙江大学,陈越
学生讨论,knowledge,第5章,第2节,软件工程,浙江大学,陈越
外包——通过哪些步骤来初始化项目；内包——范围、限制条件、定义增量项目策略、任务分析、软件规模评估、选择任务集、用例线索,knowledge,第5章,第2节,软件工程,浙江大学,陈越
webE最好的实践、最差的实践评价指标（价钱、是否有人用、更多不必要的改变等）,knowledge,第5章,第2节,软件工程,浙江大学,陈越
web项目管理、web需求分析、web应用软件设计、web应用软件测试(3),knowledge,第5章,第3节,软件工程,浙江大学,陈越
介绍webApp需求分析的目标、主要任务（formulation、做什么、分析模型），说明formulation阶段,knowledge,第5章,第3节,软件工程,浙江大学,陈越
用例的设计及讲解，结合书上例子说明通用的用例设计（登录、描述性的内容、模块功能等），需要注意的问题（不要太深层）,knowledge,第5章,第3节,软件工程,浙江大学,陈越
分析模型:内容模型及其需要哪些工具来描述、用户交互模型及其需要哪些工具来描述,knowledge,第5章,第3节,软件工程,浙江大学,陈越
分析模型：功能模型及其两个层次的功能、识别模型及其两个端（服务端、客户端）,knowledge,第5章,第3节,软件工程,浙江大学,陈越
关系导航分析（RNA），即导航问题——受众分析、元素分析、关系分析；并将网站问题与普通问题对比,knowledge,第5章,第3节,软件工程,浙江大学,陈越
web项目管理、web需求分析、web应用软件设计、web应用软件测试(4),knowledge,第5章,第4节,软件工程,浙江大学,陈越
将需求报告中出现的问题反馈给学生,knowledge,第5章,第4节,软件工程,浙江大学,陈越
web Engineering的设计模型，设计与质量、设计目标,knowledge,第5章,第4节,软件工程,浙江大学,陈越
学生讨论，为什么相比普通软件，Visual appeal更重要，以支付宝为例，解释为什么Visual appeal更重要，总结web设计需要特别考虑的上述问题,knowledge,第5章,第4节,软件工程,浙江大学,陈越
webE 设计金字塔由用户到技术人员依次（界面设计、美工设计、内容设计、导航设计、结构设计、组成设计等）,knowledge,第5章,第4节,软件工程,浙江大学,陈越
界面设计及主要问题,knowledge,第5章,第4节,软件工程,浙江大学,陈越
WebE区别于普通应用的重要特点（视觉明显区分、为用户设出最简单操作、让用户用最少的精力完成最多的工作）,knowledge,第5章,第4节,软件工程,浙江大学,陈越
说明界面控制；说明界面设计的工作流——共10步（,knowledge,第5章,第4节,软件工程,浙江大学,陈越
美工设计，需要注意的基本问题留白、重点内容、大多数人阅读习惯左上至右下、导航、内容功能相同的组、尽量要保证格式一致、别把所有亮点都放在后面等）,knowledge,第5章,第4节,软件工程,浙江大学,陈越
内容设计（UML）和结构设计（内容结构如网格、层次、网）；整体架构（MVC）,knowledge,第5章,第4节,软件工程,浙江大学,陈越
导航设计（语义方面——用例的描述；语法方面——机制如水平大类4~7个、垂直方向数目任意【因为鼠标滚轮是竖直的】、标识、Site map等）,knowledge,第5章,第4节,软件工程,浙江大学,陈越
架构分级设计，划分为4大类功能（动态生成、数据计算、查询、与外部沟通）,knowledge,第5章,第4节,软件工程,浙江大学,陈越
web项目管理、web需求分析、web应用软件设计、web应用软件测试(5),knowledge,第5章,第5节,软件工程,浙江大学,陈越
课程时间安排（无关本讲内容）,knowledge,第5章,第5节,软件工程,浙江大学,陈越
web应用软件测试不同的地方(好的应用应具备的特性——从内容、功能、结构、可用性、可导航性、性能、兼容性、可交互性、安全等10方面展开)，并提问,knowledge,第5章,第5节,软件工程,浙江大学,陈越
学生讨论,knowledge,第5章,第5节,软件工程,浙江大学,陈越
测试维护时比较困难的5个问题——系统配置引起错误、很难在其他机器重现的错误、静态动态的操作环境产生错误等，得出结论——环境的重要性,knowledge,第5章,第5节,软件工程,浙江大学,陈越
测试策略(共10个)、测试流程：内容测试、界面测试（界面设计+美工设计）、导航测试（导航设计+架构设计）、底层测试（配置测试+性能测试+安全测试），以及内容测试的错误（语法、语义）,knowledge,第5章,第5节,软件工程,浙江大学,陈越
为什么数据库测试更复杂?因而，需要做分层处理，关于分层的5层结构（用户层、服务层-webApp、服务层-数据交互、服务层-数据管理、数据库层-数据接口),knowledge,第5章,第5节,软件工程,浙江大学,陈越
用户界面测试，发现错误的重点（特定的界面机制、界面实现的导航展示）与测试策略（测试界面特征、每次种界面机制、整个测试机制——NSU、NSU的语义正确生测试、环境测试）,knowledge,第5章,第5节,软件工程,浙江大学,陈越
web项目管理、web需求分析、web应用软件设计、web应用软件测试(6),knowledge,第5章,第6节,软件工程,浙江大学,陈越
提出WebApp测试概念，列出了质量的度量指标(9方面）、讨论不同点（1症状、2无法在别的环境重现同一错误、3配置原因导致的错误、4难从客户端、服务器和网络层追踪、5静态和动态的操作环境产生错误），说明环境对于错误的重要作用,knowledge,第5章,第6节,软件工程,浙江大学,陈越
测试策略（1内容模型、2界面模型、3设计模型、4用户界面、5功能构件、6导航、7配置、8安全、9性能、10最终用户）、 从技术层面上看，整个测试流程为：内容测试、界面测试、导航测试、构件测试、底层测试,knowledge,第5章,第6节,软件工程,浙江大学,陈越
讲解内容测试的目标、内容测试中的数据库测试为何复杂，归结为层间交互，并专门讲层间交互,knowledge,第5章,第6节,软件工程,浙江大学,陈越
回顾用户界面测试策略与界面测试目标、用户界面的机制，以流程图形式展开,knowledge,第5章,第6节,软件工程,浙江大学,陈越
可用性测试（由webE团队设计、内部用户执行）的要点——目标、可评估等,knowledge,第5章,第6节,软件工程,浙江大学,陈越
构件测试的要点——发现webApp功能错误、数据库测试等、导航测试的目标（分语法与语义两类）,knowledge,第5章,第6节,软件工程,浙江大学,陈越
配置测试的服务器端和客户端需要注意的要点,knowledge,第5章,第6节,软件工程,浙江大学,陈越
安全测试，主要包括易受攻击地方的查找、在客户端、服务器端易受攻击的地方定位,knowledge,第5章,第6节,软件工程,浙江大学,陈越
性能测试的目标——仿真现实世界的负载情境，并以阿里的支付宝为例子，来讲解性能测试的load testing与 stress testing,knowledge,第5章,第6节,软件工程,浙江大学,陈越
web项目管理、web需求分析、web应用软件设计、web应用软件测试(7),knowledge,第5章,第7节,软件工程,浙江大学,陈越
用户界面测试的可用性测试（webE团队设计、内测用户执行）,knowledge,第5章,第7节,软件工程,浙江大学,陈越
构件级测试里的webApp功能错误、黑盒白盒测试、数据库测试等；导航测试（从语法和语义方面）概述,knowledge,第5章,第7节,软件工程,浙江大学,陈越
配置测试里的服务器端和客户端测试各需要注意哪些,knowledge,第5章,第7节,软件工程,浙江大学,陈越
安全测试的最薄弱的三个环节——客户端环境、网络交流、服务器端环境；以及客户端的薄弱环节——浏览器、邮件系统等,knowledge,第5章,第7节,软件工程,浙江大学,陈越
性能测试的目标、性能测试的两大块——Load Testing(正常值时改变访问量后测试)、并发量（每件事情需要完成的）、公式P=N*T*D改变P的值测试，比如大并发量时会怎样; Stress Testing(临界点的测试),knowledge,第5章,第7节,软件工程,浙江大学,陈越
第二个讨论题——假定支付宝的百万用户量，每天十万并发访问，产生1TB级的数据，考虑并发、存储、数据库对100万数据的支持，怎样进行性能测试,knowledge,第5章,第7节,软件工程,浙江大学,陈越
web项目管理、web需求分析、web应用软件设计、web应用软件测试(1),knowledge,第6章,第1节,软件工程,浙江大学,陈越
课前疏导、小组领导需要知道的4P（People、Product、Process、Project,knowledge,第6章,第1节,软件工程,浙江大学,陈越
People-项目干系人（基层管理、技术管理、开发人员、客户、内测用户）,knowledge,第6章,第1节,软件工程,浙江大学,陈越
怎样去领导团队、组织、团结、激发新点子、鼓励成员,knowledge,第6章,第1节,软件工程,浙江大学,陈越
什么样的人适合做团队领导人——MOI 模型（Motivation激励、Organization 组织、Ideas or innovation激发新点子）,knowledge,第6章,第1节,软件工程,浙江大学,陈越
怎么组队，需要什么样的人（估计项目难度、估计项目规模、项目持续时间等）、团队的组织结构——（Closed 传统结构、Random没有领导互相商量、Open两者折中、Synchronous同步）,knowledge,第6章,第1节,软件工程,浙江大学,陈越
分析小组的人力资源、分析小组内部架构，小组讨论,knowledge,第6章,第1节,软件工程,浙江大学,陈越
避免队伍陷入某种境地——抓狂失慌、人际摩擦、流程不顺畅、互相推卸责任、失败返工；领导者需要关心的事情——上下文（事情范畴）、信息类型（输入输出）、功能和性能（如安全性、限制要求）、分工等,knowledge,第6章,第1节,软件工程,浙江大学,陈越
拆解完以后，需要做的事情，比如迭代式模型、激增式模型、定义任务集合等,knowledge,第6章,第1节,软件工程,浙江大学,陈越
看到哪些景象，说明有大麻烦；一些常识建议——第一步大方向走对（可以实现）、不怕慢就怕站、高层主管靠边站、追踪过程、方案越简单越好、把错误教训记录以作提醒,knowledge,第6章,第1节,软件工程,浙江大学,陈越
5W（why/when/what/who/where）和2H（How/How much）,knowledge,第6章,第1节,软件工程,浙江大学,陈越
web项目管理、web需求分析、web应用软件设计、web应用软件测试(2),knowledge,第6章,第2节,软件工程,浙江大学,陈越
概括本讲内容——质量保证（SQA），提出质量两概念（设计质量、按文档去实现），用户满意度的评价因素（如性价比）,knowledge,第6章,第2节,软件工程,浙江大学,陈越
软件质量的定义（需求一致、符合行业标准、需要具备的必备功能）,knowledge,第6章,第2节,软件工程,浙江大学,陈越
SQA活动（1 项目计划，2 参与者在整个过程中的行为，3 区分软件过程与软件工程活动是否一致等）,knowledge,第6章,第2节,软件工程,浙江大学,陈越
Software Review——缺陷放大模型，并举例没有Review的情况，将有无Review两组进行对比,knowledge,第6章,第2节,软件工程,浙江大学,陈越
举例美国formal  technical review(主持人、参与人、记录人必到，客户代表、技术代表),knowledge,第6章,第2节,软件工程,浙江大学,陈越
统计SQA的度量，提出软件工程的6 个Sigma作为标准方法（每1百万产品中允许的次品数），大概需要做到三步——定义、度量并获得数据、分析缺陷改进模型,knowledge,第6章,第2节,软件工程,浙江大学,陈越
软件质量特性——可靠性，给出计算公式，以及安全性的度量方法,knowledge,第6章,第2节,软件工程,浙江大学,陈越
质量管理——变更管理（第一准则：变更时时存在）、软件配置管理——软件配置（程序、文档数据）；基线管理,knowledge,第6章,第2节,软件工程,浙江大学,陈越
基线——规范管理流程，以SCI为进行说明,knowledge,第6章,第2节,软件工程,浙江大学,陈越
SCM过程——区分、版本控制、变更控制、配置、信息发布、以学院网站为例，说明实际问题（比如客户与开发团队的矛盾处理）,knowledge,第6章,第2节,软件工程,浙江大学,陈越
web项目管理、web需求分析、web应用软件设计、web应用软件测试(3),knowledge,第6章,第3节,软件工程,浙江大学,陈越
解释为何有项目延后——客户不满意、用户需求变更等,knowledge,第6章,第3节,软件工程,浙江大学,陈越
学生讨论，典型的项目延后，如何解决的,knowledge,第6章,第3节,软件工程,浙江大学,陈越
计划的主要原则——compartmentalization划分组织机构 、interdependency交互依赖、effort validation成果验证、定义责任、定义输出等,knowledge,第6章,第3节,软件工程,浙江大学,陈越
结合实例，解释demo的effort与delivery time的关系图、 Effort Allocation图（40%-50%前期、15%-20%编码、30%-40%测试集成）,knowledge,第6章,第3节,软件工程,浙江大学,陈越
结合实例，定义任务规模，基本概念，定义任务网络图,knowledge,第6章,第3节,软件工程,浙江大学,陈越
结合时间线表说明项目历时、结合自动工具画时间线表,knowledge,第6章,第3节,软件工程,浙江大学,陈越
讲解Schedule Tracking需要注意的几个要点——进展状态与实际计划是否有偏差、评审、编码阶段里程碑、测试集成阶段里程碑,knowledge,第6章,第3节,软件工程,浙江大学,陈越
讲解Earned Value Analysis(EVA)——进度到底如何，需要量化模型；如何计算Earned Value-1、Earned Value-2、Earned Value-3,knowledge,第6章,第3节,软件工程,浙江大学,陈越
web项目管理、web需求分析、web应用软件设计、web应用软件测试(4),knowledge,第6章,第4节,软件工程,浙江大学,陈越
基本概念之——解释为何有延后：期限不合适、用户需求变更等,knowledge,第6章,第4节,软件工程,浙江大学,陈越
基本概念之——做什么（评估历史数据、用增量模型、告诉客户期限问题等）,knowledge,第6章,第4节,软件工程,浙江大学,陈越
项目计划——基本准则（如交互依赖、成果验收、定义责任等）,knowledge,第6章,第4节,软件工程,浙江大学,陈越
讲解People与Effort两者间的关系——PNR曲线，结合实际情况解释,knowledge,第6章,第4节,软件工程,浙江大学,陈越
项目计划——划分出40-20-40规则；定义软件项目的任务集——策略（类型、程度等）；定义项目任务的拓扑图，关键路径的分析,knowledge,第6章,第4节,软件工程,浙江大学,陈越
项目计划——追踪计划的几个要点（周期开会、评估成果、决定项目里程碑是否完成等),knowledge,第6章,第4节,软件工程,浙江大学,陈越
Earned Value Analysis(EVA)的基本概念介绍，然后讲解Earned Value的决定因素（共3个）；关于EVA的分析，列举了 SPI、SV、CPI、CV等表达式,knowledge,第6章,第4节,软件工程,浙江大学,陈越
举例话题，由此来引入风险管理（分为被动与主动）；被动式风险管理的四个步骤；主动式风险管理的简单介绍（如正式的风险分析机制、组织方从根部进行纠正 ）,knowledge,第6章,第4节,软件工程,浙江大学,陈越
介绍软件风险的特点与风险类型，如特点；介绍风险认证（风险项目清单与风险成分分析）：风险项目清单；风险成分分析,knowledge,第6章,第4节,软件工程,浙江大学,陈越
讲解风险项目（又叫风险评估）的两种方式；然后介绍风险项目的4步骤；介绍风险的归并、监控与管理三者,knowledge,第6章,第4节,软件工程,浙江大学,陈越
web项目管理、web需求分析、web应用软件设计、web应用软件测试(5),knowledge,第6章,第5节,软件工程,浙江大学,陈越
风险管理中必须面对的4个：类型、可能性、影响、采取措施,knowledge,第6章,第5节,软件工程,浙江大学,陈越
被动式风险管理的应对式的4种处理方式；主动式风险管理（有一定预见性）特点介绍,knowledge,第6章,第5节,软件工程,浙江大学,陈越
风险管理的7条准则说明；风险管理的步骤；风险管理中的识别问题、评估风险需要注意的要点,knowledge,第6章,第5节,软件工程,浙江大学,陈越
风险表的讲解，建立风险表；风险的影响说明；风险发生后如何应对,knowledge,第6章,第5节,软件工程,浙江大学,陈越
依次介绍产品规模、客户方面、技术等几个方面导致的风险,knowledge,第6章,第5节,软件工程,浙江大学,陈越
风险信息的记录（通过风险表），如类型、原因、影响、概率等,knowledge,第6章,第5节,软件工程,浙江大学,陈越
由学生展开讨论：如何建立风险表,knowledge,第6章,第5节,软件工程,浙江大学,陈越
web项目管理、web需求分析、web应用软件设计、web应用软件测试(6),knowledge,第6章,第6节,软件工程,浙江大学,陈越
产品质量衡量的McCall三角讲解；以及基本概念介绍，包括质量度量的方法(如面向目标的度量方法)和指标，度量原则,knowledge,第6章,第6节,软件工程,浙江大学,陈越
数据的收集与分析（主要是基于功能、功能点的介绍）的一些注意事项,knowledge,第6章,第6节,软件工程,浙江大学,陈越
结合实际情况，说明面向对象的两种设计方式,knowledge,第6章,第6节,软件工程,浙江大学,陈越
讲软件过程与项目度量（为什么要进行软件过程与项目度量？两者的目的、实质意义与区别）,knowledge,第6章,第6节,软件工程,浙江大学,陈越
软件过程度量的详细讲解；过程度量的度量函数；软件项目度量的相关数据,knowledge,第6章,第6节,软件工程,浙江大学,陈越
"两类度量函数（面向规模度量【Size-oriented metrics, LOC】——基于代码行【line of code,LOC】的； 面向功能点度量【Function-oriented metrics, FP】），以及两种试题的优势劣势的对比；度量的类别——Object-oriented metrics 与WebApps metrics; 以及它们的一些评价指标",knowledge,第6章,第6节,软件工程,浙江大学,陈越
最后一章：项目计划与估算（项目计划的定义、意义、目标）,knowledge,第6章,第6节,软件工程,浙江大学,陈越
项目计划的分类，从不同角度划分（从功能角度划分：项目开发计划、SQI计划、SCM计划；从应用范围划分：项目计划、部门计划、团队计划、个人计划；从时间划分：年度计划、季度计划、周计划）,knowledge,第6章,第6节,软件工程,浙江大学,陈越
项目计划的内容，主要是项目计划与项目开发计划（范畴、哪些资源）资源、角色解析、任务状态等）； 以及项目计划的过程（分八步）,knowledge,第6章,第6节,软件工程,浙江大学,陈越
项目估算的大致内容和目标（研周期、开销成本、需要不同层次各多少人、资源估算、风险的分析,knowledge,第6章,第6节,软件工程,浙江大学,陈越
估算的技术3类（凭经验； 科学化分解+估算——大事化小、小事化了、按活动阶段估算;按经验模型进行估算),knowledge,第6章,第6节,软件工程,浙江大学,陈越
第01节,section,第01章,软件及软件工程的相关概念(1),软件工程,北京大学,王立福，孙艳春，刘学
第02节,section,第01章,软件及软件工程的相关概念(2),软件工程,北京大学,王立福，孙艳春，刘学
第03节,section,第01章,软件工程的相关概念(1),软件工程,北京大学,王立福，孙艳春，刘学
第04节,section,第01章,软件工程的相关概念(2),软件工程,北京大学,王立福，孙艳春，刘学
第01节,section,第02章,划分整体框架、过各分类：基本过程、支持过程和组织过程(1),软件工程,北京大学,王立福，孙艳春，刘学
第02节,section,第02章,划分整体框架、过各分类：基本过程、支持过程和组织过程(2),软件工程,北京大学,王立福，孙艳春，刘学
第03节,section,第02章,划分整体框架、过各分类：基本过程、支持过程和组织过程(3),软件工程,北京大学,王立福，孙艳春，刘学
第04节,section,第02章,划分整体框架、过各分类：基本过程、支持过程和组织过程(4),软件工程,北京大学,王立福，孙艳春，刘学
第01节,section,第03章,需求的概念、需求分析的概念与需求规约过程(1),软件工程,北京大学,王立福，孙艳春，刘学
第02节,section,第03章,软件设计、框架、模式、模块化、信息隐藏、功能独立、尺寸模块、重构、类、设计模型、模块独立、内聚、耦合、系统设计、数据设计、评估、数据流、映射、详细设计、UML、界面设计,软件工程,北京大学,王立福，孙艳春，刘学
第01节,section,第04章,使用结构化方法进行需求分析,软件工程,北京大学,王立福，孙艳春，刘学
第02节,section,第04章,使用结构化方法进行需求分析(2),软件工程,北京大学,王立福，孙艳春，刘学
第01节,section,第05章,结构化设计方法(1),软件工程,北京大学,王立福，孙艳春，刘学
第02节,section,第05章,结构化设计方法(2),软件工程,北京大学,王立福，孙艳春，刘学
第03节,section,第05章,结构化设计方法(3),软件工程,北京大学,王立福，孙艳春，刘学
第04节,section,第05章,结构化设计方法(4),软件工程,北京大学,王立福，孙艳春，刘学
第01节,section,第06章,敏捷软件开发(1),软件工程,北京大学,王立福，孙艳春，刘学
第02节,section,第06章,敏捷软件开发(2),软件工程,北京大学,王立福，孙艳春，刘学
第01节,section,第07章,面向对象方法、UML,软件工程,北京大学,王立福，孙艳春，刘学
第02节,section,第07章,面向对象方法、UML(2),软件工程,北京大学,王立福，孙艳春，刘学
第03节,section,第07章,面向对象方法、UML(3),软件工程,北京大学,王立福，孙艳春，刘学
第04节,section,第07章,面向对象方法、UML(4),软件工程,北京大学,王立福，孙艳春，刘学
第05节,section,第07章,面向对象方法、UML(5),软件工程,北京大学,王立福，孙艳春，刘学
第06节,section,第07章,面向对象方法、UML(6),软件工程,北京大学,王立福，孙艳春，刘学
第01节,section,第08章,面向对象的分析、设计和编程(1),软件工程,北京大学,王立福，孙艳春，刘学
第02节,section,第08章,面向对象的分析、设计和编程(2),软件工程,北京大学,王立福，孙艳春，刘学
第03节,section,第08章,面向对象的分析、设计和编程(3),软件工程,北京大学,王立福，孙艳春，刘学
第04节,section,第08章,面向对象的分析、设计和编程(4),软件工程,北京大学,王立福，孙艳春，刘学
第05节,section,第08章,面向对象的分析、设计和编程(5),软件工程,北京大学,王立福，孙艳春，刘学
第06节,section,第08章,面向对象的分析、设计和编程(6),软件工程,北京大学,王立福，孙艳春，刘学
第01节,section,第09章,建立程序的控制流程图，对程序进行白盒测试，对模块进行黑盒测试，制定测试计划对软件进行测试(1),软件工程,北京大学,王立福，孙艳春，刘学
第02节,section,第09章,建立程序的控制流程图，对程序进行白盒测试，对模块进行黑盒测试，制定测试计划对软件进行测试(2),软件工程,北京大学,王立福，孙艳春，刘学
第03节,section,第09章,建立程序的控制流程图，对程序进行白盒测试，对模块进行黑盒测试，制定测试计划对软件进行测试(3),软件工程,北京大学,王立福，孙艳春，刘学
第04节,section,第09章,建立程序的控制流程图，对程序进行白盒测试，对模块进行黑盒测试，制定测试计划对软件进行测试(4),软件工程,北京大学,王立福，孙艳春，刘学
第01节,section,第10章,软件项目管理、CMM和ISO9000(1),软件工程,北京大学,王立福，孙艳春，刘学
第02节,section,第10章,软件项目管理、CMM和ISO9000(2),软件工程,北京大学,王立福，孙艳春，刘学
第03节,section,第10章,软件项目管理、CMM和ISO9000(3),软件工程,北京大学,王立福，孙艳春，刘学
第01节,section,第11章,互联网概念、互联网计算环境的新型特征、互联网计算的新型应用模式、互联网软件工程观(1),软件工程,北京大学,王立福，孙艳春，刘学
第02节,section,第11章,互联网概念、互联网计算环境的新型特征、互联网计算的新型应用模式、互联网软件工程观(2),软件工程,北京大学,王立福，孙艳春，刘学
第01节,section,第12章,软件开发工具与环境(1),软件工程,北京大学,王立福，孙艳春，刘学
第01节,section,第13章,软件开发工具与环境(2),软件工程,北京大学,王立福，孙艳春，刘学
第01节,section,第14章,软件工程作业讲评(1),软件工程,北京大学,王立福，孙艳春，刘学
第02节,section,第14章,软件工程作业讲评(2),软件工程,北京大学,王立福，孙艳春，刘学
第01节,section,第15章,课程实践说明(1),软件工程,北京大学,王立福，孙艳春，刘学
第02节,section,第15章,课程实践说明(2),软件工程,北京大学,王立福，孙艳春，刘学
第01节,section,第16章,小组展示(1),软件工程,北京大学,王立福，孙艳春，刘学
第02节,section,第16章,小组展示(2),软件工程,北京大学,王立福，孙艳春，刘学
第03节,section,第16章,小组展示(3),软件工程,北京大学,王立福，孙艳春，刘学
第04节,section,第16章,小组展示(4),软件工程,北京大学,王立福，孙艳春，刘学
第05节,section,第16章,小组展示(5),软件工程,北京大学,王立福，孙艳春，刘学
第06节,section,第16章,小组展示(6),软件工程,北京大学,王立福，孙艳春，刘学
第07节,section,第16章,小组展示(3),软件工程,北京大学,王立福，孙艳春，刘学
第08节,section,第16章,小组展示(8),软件工程,北京大学,王立福，孙艳春，刘学
第01节,section,第01章,软件与软件工程(1),软件工程,国防科技大学,齐治昌
第02节,section,第01章,软件与软件工程(2),软件工程,国防科技大学,齐治昌
第01节,section,第02章,需求工程(1),软件工程,国防科技大学,齐治昌
第02节,section,第02章,需求工程(2),软件工程,国防科技大学,齐治昌
第03节,section,第02章,需求工程(3),软件工程,国防科技大学,齐治昌
第04节,section,第02章,需求工程(4),软件工程,国防科技大学,齐治昌
第05节,section,第02章,需求工程(5),软件工程,国防科技大学,齐治昌
第06节,section,第02章,需求工程(6),软件工程,国防科技大学,齐治昌
第01节,section,第03章,需求分析(1),软件工程,国防科技大学,齐治昌
第02节,section,第03章,需求分析(2),软件工程,国防科技大学,齐治昌
第03节,section,第03章,需求分析(3),软件工程,国防科技大学,齐治昌
第04节,section,第03章,需求分析(4),软件工程,国防科技大学,齐治昌
第05节,section,第03章,需求分析(5),软件工程,国防科技大学,齐治昌
第06节,section,第03章,需求分析(6),软件工程,国防科技大学,齐治昌
第01节,section,第05章,软件实现、完美编程的观念、完美编程的规则与编程实践、发现软件实现代码中的缺陷、以高质量的程序代码实现软件设计模型,软件工程,国防科技大学,齐治昌
第02节,section,第05章,软件实现、完美编程的观念、完美编程的规则与编程实践、发现软件实现代码中的缺陷、以高质量的程序代码实现软件设计模型(1),软件工程,国防科技大学,齐治昌
第03节,section,第05章,软件实现、完美编程的观念、完美编程的规则与编程实践、发现软件实现代码中的缺陷、以高质量的程序代码实现软件设计模型(2),软件工程,国防科技大学,齐治昌
第01节,section,第06章,软件测试(1),软件工程,国防科技大学,齐治昌
第02节,section,第06章,软件测试(2),软件工程,国防科技大学,齐治昌
第03节,section,第06章,软件测试(3),软件工程,国防科技大学,齐治昌
第04节,section,第06章,软件测试(4),软件工程,国防科技大学,齐治昌
第01节,section,第07章,软件维护,软件工程,国防科技大学,齐治昌
第01节,section,第08章,软件项目管理,软件工程,国防科技大学,齐治昌
第01节,section,第01章,软件工程概述及相关模型（1）,软件工程,浙江大学,陈越
第02节,section,第01章,软件工程概述及相关模型（2）,软件工程,浙江大学,陈越
第03节,section,第01章,软件工程概述及相关模型(3),软件工程,浙江大学,陈越
第04节,section,第01章,软件工程概述及相关模型(4),软件工程,浙江大学,陈越
第05节,section,第01章,软件工程概述及相关模型(5),软件工程,浙江大学,陈越
第01节,section,第02章,软件需求工程(1),软件工程,浙江大学,陈越
第02节,section,第02章,软件需求工程(2),软件工程,浙江大学,陈越
第03节,section,第02章,软件需求工程(3),软件工程,浙江大学,陈越
第04节,section,第02章,软件需求工程(4),软件工程,浙江大学,陈越
第05节,section,第02章,软件需求工程(5),软件工程,浙江大学,陈越
第01节,section,第03章,软件设计(1),软件工程,浙江大学,陈越
第02节,section,第03章,软件设计(2),软件工程,浙江大学,陈越
第03节,section,第03章,软件设计(3),软件工程,浙江大学,陈越
第04节,section,第03章,软件设计(4),软件工程,浙江大学,陈越
第05节,section,第03章,软件设计(5),软件工程,浙江大学,陈越
第06节,section,第03章,软件设计(6),软件工程,浙江大学,陈越
第01节,section,第04章,软件测试(1),软件工程,浙江大学,陈越
第02节,section,第04章,软件测试(2),软件工程,浙江大学,陈越
第03节,section,第04章,软件测试(3),软件工程,浙江大学,陈越
第04节,section,第04章,软件测试(4),软件工程,浙江大学,陈越
第01节,section,第05章,web项目管理、web需求分析、web应用软件设计、web应用软件测试(1),软件工程,浙江大学,陈越
第02节,section,第05章,web项目管理、web需求分析、web应用软件设计、web应用软件测试(2),软件工程,浙江大学,陈越
第03节,section,第05章,web项目管理、web需求分析、web应用软件设计、web应用软件测试(3),软件工程,浙江大学,陈越
第04节,section,第05章,web项目管理、web需求分析、web应用软件设计、web应用软件测试(4),软件工程,浙江大学,陈越
第05节,section,第05章,web项目管理、web需求分析、web应用软件设计、web应用软件测试(5),软件工程,浙江大学,陈越
第06节,section,第05章,web项目管理、web需求分析、web应用软件设计、web应用软件测试(6),软件工程,浙江大学,陈越
第07节,section,第05章,web项目管理、web需求分析、web应用软件设计、web应用软件测试(7),软件工程,浙江大学,陈越
第01节,section,第06章,web项目管理、web需求分析、web应用软件设计、web应用软件测试(1),软件工程,浙江大学,陈越
第02节,section,第06章,web项目管理、web需求分析、web应用软件设计、web应用软件测试(2),软件工程,浙江大学,陈越
第03节,section,第06章,web项目管理、web需求分析、web应用软件设计、web应用软件测试(3),软件工程,浙江大学,陈越
第04节,section,第06章,web项目管理、web需求分析、web应用软件设计、web应用软件测试(4),软件工程,浙江大学,陈越
第05节,section,第06章,web项目管理、web需求分析、web应用软件设计、web应用软件测试(5),软件工程,浙江大学,陈越
第06节,section,第06章,web项目管理、web需求分析、web应用软件设计、web应用软件测试(6),软件工程,浙江大学,陈越
第01章,chapter,软件工程,北京大学,王立福，孙艳春，刘学,,
第02章,chapter,软件工程,北京大学,王立福，孙艳春，刘学,,
第03章,chapter,软件工程,北京大学,王立福，孙艳春，刘学,,
第04章,chapter,软件工程,北京大学,王立福，孙艳春，刘学,,
第05章,chapter,软件工程,北京大学,王立福，孙艳春，刘学,,
第06章,chapter,软件工程,北京大学,王立福，孙艳春，刘学,,
第07章,chapter,软件工程,北京大学,王立福，孙艳春，刘学,,
第08章,chapter,软件工程,北京大学,王立福，孙艳春，刘学,,
第09章,chapter,软件工程,北京大学,王立福，孙艳春，刘学,,
第10章,chapter,软件工程,北京大学,王立福，孙艳春，刘学,,
第11章,chapter,软件工程,北京大学,王立福，孙艳春，刘学,,
第12章,chapter,软件工程,北京大学,王立福，孙艳春，刘学,,
第13章,chapter,软件工程,北京大学,王立福，孙艳春，刘学,,
第14章,chapter,软件工程,北京大学,王立福，孙艳春，刘学,,
第15章,chapter,软件工程,北京大学,王立福，孙艳春，刘学,,
第16章,chapter,软件工程,北京大学,王立福，孙艳春，刘学,,
第01章,chapter,软件工程,国防科技大学,齐治昌,,
第02章,chapter,软件工程,国防科技大学,齐治昌,,
第03章,chapter,软件工程,国防科技大学,齐治昌,,
第05章,chapter,软件工程,国防科技大学,齐治昌,,
第06章,chapter,软件工程,国防科技大学,齐治昌,,
第07章,chapter,软件工程,国防科技大学,齐治昌,,
第08章,chapter,软件工程,国防科技大学,齐治昌,,
第01章,chapter,软件工程,浙江大学,陈越,,
第02章,chapter,软件工程,浙江大学,陈越,,
第03章,chapter,软件工程,浙江大学,陈越,,
第04章,chapter,软件工程,浙江大学,陈越,,
第05章,chapter,软件工程,浙江大学,陈越,,
第06章,chapter,软件工程,浙江大学,陈越,,
